δέ	but	2668	52.84	198	52.63	219	51.96
ὁ	the	1431	28.34	85	22.59	114	27.05
καί	and	1388	27.49	113	30.03	125	29.66
τε	and	1282	25.39	73	19.40	114	27.05
ἐγώ	I (first person pronoun)	800	15.84	51	13.55	46	10.91
ὅς	who	577	11.42	62	16.48	37	8.78
εἰμί	to be	551	10.91	50	13.29	52	12.33
ἐν	in	493	9.76	43	11.43	47	11.15
μέν	on the one hand	487	9.64	28	7.44	29	6.88
ὡς	as	473	9.36	37	9.83	49	11.62
σύ	you (personal pronoun)	450	8.91	41	10.89	33	7.83
οὐ	not	437	8.65	26	6.91	43	10.20
ἄρα	particle: 'so'	415	8.22	42	11.16	57	13.52
ἀλλά	otherwise	374	7.40	31	8.24	26	6.16
τις	any one	372	7.36	27	7.17	38	9.01
ἐπί	on	352	6.97	22	5.84	18	4.27
γάρ	for	343	6.79	26	6.91	31	7.35
ἄν	modal particle	331	6.55	34	9.03	26	6.16
ναῦς	a ship	299	5.92	3	0.79	14	3.32
γε	at least	279	5.52	21	5.58	23	5.45
πᾶς	all	269	5.32	16	4.25	40	9.49
οὐδέ	and/but not; not even	269	5.32	19	5.05	22	5.22
ἀνήρ	a man	258	5.11	25	6.64	24	5.69
ἀτάρ	but	258	5.11	13	3.45	24	5.69
αὐτός	unemph. 3rd pers.pronoun; -self; [the] same 	252	4.99	18	4.78	24	5.69
δή	[interactional particle: S&H on same page]	240	4.75	16	4.25	21	4.98
κατά	down	234	4.63	18	4.78	20	4.74
εἰς	into	225	4.45	12	3.18	21	4.98
ἐκ	from out of	222	4.39	17	4.51	15	3.55
φημί	to say	222	4.39	18	4.78	19	4.50
θεός	god	219	4.33	19	5.05	30	7.11
ἔχω	to have	207	4.10	8	2.12	13	3.08
πολύς	much	205	4.06	19	5.05	23	5.45
ἄλλος	other	205	4.06	16	4.25	26	6.16
ἕ	NoDef	201	3.98	24	6.37	23	5.45
Ἀχαιός	Achaian	200	3.96	16	4.25	5	1.18
Ζεύς	Zeus	195	3.86	14	3.72	9	2.13
εἰ	conj. if	193	3.82	16	4.25	9	2.13
μέγας	big	192	3.80	17	4.51	12	2.84
ἔρχομαι	to come	189	3.74	11	2.92	15	3.55
ἐπεί	after	182	3.60	16	4.25	26	6.16
ἤ	either..or; than	172	3.40	12	3.18	21	4.98
θυμός	the soul	168	3.32	15	3.98	14	3.32
ἔνθα	there	167	3.30	15	3.98	4	0.94
μιν	him	166	3.28	17	4.51	17	4.03
υἱός	a son	165	3.26	15	3.98	5	1.18
Τρώς	Tros	164	3.24	19	5.05	5	1.18
ἑταῖρος	a comrade	163	3.22	1	0.26	5	1.18
φίλος	friend; loved	162	3.20	11	2.92	15	3.55
χείρ	the hand	151	2.99	15	3.98	15	3.55
εἶδον	to see	147	2.91	7	1.86	14	3.32
ἠδέ	and	143	2.83	10	2.65	19	4.50
παρά	from the side of	136	2.69	7	1.86	10	2.37
ἔπος	a word	132	2.61	6	1.59	17	4.03
ἔπειτα	then	130	2.57	15	3.98	8	1.89
εἶμι	come	123	2.43	7	1.86	14	3.32
πέρ	NoDef	123	2.43	10	2.65	13	3.08
νῦν	now at this very time	118	2.33	9	2.39	11	2.61
ὑπό	from under	117	2.31	8	2.12	6	1.42
ὅτε	when	115	2.27	13	3.45	4	0.94
ὅδε	this	115	2.27	12	3.18	11	2.61
μή	not	114	2.25	9	2.39	4	0.94
βάλλω	to throw	114	2.25	3	0.79	4	0.94
κακός	bad	113	2.23	7	1.86	9	2.13
ἵστημι	to make to stand	112	2.21	6	1.59	11	2.61
εἶπον	to speak	111	2.19	13	3.45	18	4.27
μετά	(w gen) with	108	2.13	5	1.32	13	3.08
Ὀδυσσεύς	Odysseus	108	2.13	1	0.26	23	5.45
δίδωμι	to give	107	2.11	7	1.86	12	2.84
βαίνω	to walk	107	2.11	11	2.92	14	3.32
αἱρέω	to take	107	2.11	5	1.32	10	2.37
τότε	at that time	103	2.04	3	0.79	8	1.89
ἀμφί	on both sides	102	2.02	5	1.32	13	3.08
ἀπό	from	101	2.00	4	1.06	8	1.89
μάλα	very	101	2.00	6	1.59	9	2.13
ὄφρα	in order that; as long as	99	1.96	10	2.65	12	2.84
ἦ	in truth	96	1.90	5	1.32	3	0.71
φέρω	to bear	95	1.88	9	2.39	12	2.84
ἵππος	a horse	92	1.82	5	1.32	3	0.71
πρός	(w. gen.) from; (w. dat.) at	92	1.82	13	3.45	12	2.84
αὖτε	again	92	1.82	7	1.86	7	1.66
λαός	the people	91	1.80	6	1.59	5	1.18
ἐμός	mine	90	1.78	7	1.86	6	1.42
πατήρ	a father	87	1.72	12	3.18	8	1.89
δῖος	god-like	85	1.68	7	1.86	5	1.18
Ἀθήνη	Athena	83	1.64	14	3.72	5	1.18
γίγνομαι	become	82	1.62	8	2.12	8	1.89
ἅμα	at once	82	1.62	5	1.32	5	1.18
παῖς	a child	80	1.58	17	4.51	6	1.42
τίθημι	to set	79	1.56	9	2.39	16	3.79
περί	around	79	1.56	4	1.06	5	1.18
ποτέ	NoDef	78	1.54	9	2.39	7	1.66
οἶδα	to know	78	1.54	6	1.59	9	2.13
ἱκνέομαι	to come	77	1.52	5	1.32	10	2.37
μάχομαι	to fight	76	1.50	10	2.65	1	0.23
πόλεμος	battle	76	1.50	9	2.39	2	0.47
Ἄρης	Ares	76	1.50	1	0.26	10	2.37
γαῖα	a land	74	1.46	3	0.79	5	1.18
σφεῖς	personal and (ind.) reflexive pronoun	72	1.42	2	0.53	11	2.61
δῶμα	a house	72	1.42	4	1.06	11	2.61
οὗτος	this; that	72	1.42	4	1.06	14	3.32
ἔτι	yet	71	1.40	6	1.59	4	0.94
καλός	beautiful	71	1.40	6	1.59	13	3.08
φρήν	the midriff; heart	70	1.38	7	1.86	10	2.37
ἄγω	to lead	70	1.38	3	0.79	4	0.94
πρῶτος	first	69	1.36	6	1.59	6	1.42
Ἀτρείδης	son of Atreus	68	1.34	3	0.79	0	1.42
πόλις	a city	67	1.32	11	2.92	7	1.66
Ἀγαμέμνων	Agamemnon	67	1.32	3	0.79	1	0.23
ἑός	his	67	1.32	6	1.59	5	1.18
ἄναξ	a lord	66	1.30	4	1.06	5	1.18
ἀνά	up	66	1.30	3	0.79	7	1.66
μῦθος	anything	66	1.30	2	0.53	5	1.18
ἄριστος	best	66	1.30	8	2.12	12	2.84
ὅσος	as much/many as	66	1.30	1	0.26	12	2.84
σύν	along with	65	1.28	5	1.32	2	0.47
ἕκαστος	every	65	1.28	1	0.26	6	1.42
ἐθέλω	to will	64	1.26	7	1.86	5	1.18
αὐτίκα	forthwith	64	1.26	3	0.79	3	0.71
κελεύω	to urge	64	1.26	4	1.06	9	2.13
διά	through c. gen.; because of c. acc.	63	1.24	1	0.26	2	0.47
θεά	a goddess	62	1.22	2	0.53	1	0.23
ἔργον	work	61	1.20	6	1.59	3	0.71
μέλας	black	61	1.20	0	0	4	0.94
εὖ	well	60	1.18	6	1.59	6	1.42
ἀεί	always	59	1.16	2	0.53	6	1.42
γυνή	a woman	59	1.16	9	2.39	2	0.47
Ἀργεῖος	of/from Argos	58	1.14	4	1.06	3	0.71
ἀμείβω	change	58	1.14	3	0.79	4	0.94
Μενέλαος	Menelaos	58	1.14	3	0.79	1	0.23
ἀθάνατος	undying	58	1.14	4	1.06	6	1.42
κρατερός	strong	57	1.12	5	1.32	2	0.47
πείθω	to prevail upon	56	1.10	6	1.59	1	0.23
σός	your	56	1.10	6	1.59	5	1.18
ἄγε	come! come on! well!	56	1.10	4	1.06	10	2.37
ἕπομαι	follow	55	1.08	0	0	3	0.71
ὄρνυμι	to stir	54	1.06	1	0.26	7	1.66
ὦ	O! oh!	54	1.06	4	1.06	1	0.23
Ἕκτωρ	Hector	54	1.06	28	7.44	0	0.23
μέγαρον	a large room	54	1.06	9	2.39	5	1.18
Πρίαμος	Priam	53	1.04	9	2.39	0	1.18
πρόσφημι	to speak to	53	1.04	2	0.53	7	1.66
ἀκούω	to hear	53	1.04	5	1.32	10	2.37
μήτηρ	a mother	52	1.03	11	2.92	2	0.47
δόρυ	tree	52	1.03	4	1.06	3	0.71
Ἀλκίνοος	Alcinous	52	1.03	0	0	26	6.16
πούς	a foot	51	1.01	3	0.79	10	2.37
φαίνω	to bring to light	50	0.99	1	0.26	3	0.71
προσαυδάω	to speak to	50	0.99	4	1.06	4	0.94
τοι	let me tell you	50	0.99	1	0.26	6	1.42
ἦμαρ	day	50	0.99	6	1.59	4	0.94
ξένος	a guest	50	0.99	3	0.79	22	5.22
θοός	quick	49	0.97	1	0.26	3	0.71
μένος	might	49	0.97	9	2.39	7	1.66
ἧμαι	to be seated	49	0.97	2	0.53	5	1.18
τεύχω	to make ready	48	0.95	3	0.79	9	2.13
δύο	two	48	0.95	1	0.26	4	0.94
ἄνθρωπος	man	48	0.95	6	1.59	8	1.89
ἔγχος	a spear	47	0.93	8	2.12	0	1.89
ἐρύω	to drag along the ground	46	0.91	0	0	5	1.18
ἠέλιος	NoDef	46	0.91	0	0	2	0.47
ἀλλήλων	of one another	46	0.91	8	2.12	2	0.47
τίκτω	to bring into the world	45	0.89	7	1.86	1	0.23
βοῦς	cow	45	0.89	5	1.32	1	0.23
μένω	to stay at home	45	0.89	3	0.79	3	0.71
αἶψα	quick	45	0.89	3	0.79	6	1.42
Κίρκη	Circe	45	0.89	0	0	1	0.23
Ἀπόλλων	Apollo	44	0.87	0	0	6	1.42
στῆθος	the breast	44	0.87	2	0.53	2	0.47
οἶος	alone	44	0.87	2	0.53	5	1.18
λείπω	to leave	44	0.87	1	0.26	3	0.71
χέω	to pour	44	0.87	5	1.32	5	1.18
πρίν	before; (after negated main clause) until	43	0.85	3	0.79	2	0.47
ναίω	to dwell	43	0.85	4	1.06	0	0.47
χαλκός	copper	43	0.85	3	0.79	2	0.47
ἐάω	to let	43	0.85	0	0	2	0.47
Ἀχιλλεύς	Achilles	42	0.83	3	0.79	1	0.23
θυγάτηρ	a daughter	42	0.83	5	1.32	3	0.71
θάλασσα	the sea	42	0.83	1	0.26	2	0.47
ἵημι	to set a going	42	0.83	0	0	4	0.94
προσεῖπον	NoDef	42	0.83	4	1.06	5	1.18
ἅλς	a lump of salt	42	0.83	1	0.26	4	0.94
ἐλαύνω	to drive	42	0.83	2	0.53	0	0.94
ἵνα	in order that (conj.); where (rel. adv.)	42	0.83	0	0	5	1.18
φωνέω	to produce a sound	41	0.81	4	1.06	8	1.89
μακρός	long	41	0.81	2	0.53	3	0.71
ἄρχω	(to be first) to rule	41	0.81	0	0	3	0.71
μῆλον	a sheep	41	0.81	0	0	1	0.23
εὔχομαι	to pray	40	0.79	6	1.59	0	0.23
δεινός	fearful	40	0.79	4	1.06	2	0.47
ἄλοχος	a bedfellow	40	0.79	13	3.45	2	0.47
βασιλεύς	a king	39	0.77	1	0.26	5	1.18
ὦμος	shoulder (with the upper arm)	39	0.77	2	0.53	3	0.71
εὐρύς	wide	39	0.77	4	1.06	1	0.23
ἐσθλός	good	39	0.77	3	0.79	4	0.94
οἶνος	wine	39	0.77	4	1.06	2	0.47
Ἥρα	Hera	38	0.75	0	0	1	0.23
Ἴλιος	Ilian	38	0.75	11	2.92	2	0.47
κεῖμαι	to lie; to have been set/put (as perf. pass. of τίθημι)	38	0.75	2	0.53	3	0.71
οἷος	(such a kind) as; for οἷός τε see οἷος III.2	38	0.75	2	0.53	4	0.94
τεῦχος	a tool	38	0.75	8	2.12	0	0.94
Φαίαξ	a Phaeacian	38	0.75	0	0	25	5.93
ἔοικα	to be like; to look like	37	0.73	0	0	4	0.94
καλέω	to call	37	0.73	2	0.53	2	0.47
ὅτι	adv. + superl.	37	0.73	4	1.06	8	1.89
ὀξύς	wood sorrel	37	0.73	1	0.26	0	1.89
μηδέ	but not	37	0.73	3	0.79	3	0.71
λαμβάνω	to take	37	0.73	4	1.06	1	0.23
λύω	to loose	36	0.71	0	0	4	0.94
χρύσεος	golden	36	0.71	3	0.79	3	0.71
ἀμύμων	blameless	36	0.71	6	1.59	6	1.42
πω	up to this time	36	0.71	0	0	1	0.23
πού	NoDef	36	0.71	2	0.53	6	1.42
πτερόεις	feathered	36	0.71	0	0	4	0.94
πόντος	the sea	36	0.71	1	0.26	2	0.47
ἄνεμος	wind	36	0.71	2	0.53	0	0.47
αὖ	again	36	0.71	4	1.06	3	0.71
γέρων	an old man (in apposition as adj.	35	0.69	1	0.26	1	0.23
ἀχεύω	grieving	35	0.69	2	0.53	2	0.47
μέσος	middle	35	0.69	3	0.79	4	0.94
Διομήδης	Diomedes (Zeus-counselled)	35	0.69	5	1.32	0	0.94
Δαναοί	the Danaans	34	0.67	1	0.26	2	0.47
ἤδη	already	34	0.67	2	0.53	6	1.42
κῆρυξ	a herald	34	0.67	0	0	13	3.08
ὀτρύνω	to stir up	34	0.67	2	0.53	3	0.71
πατρίς	fatherland	34	0.67	0	0	2	0.47
ὕδωρ	water	34	0.67	1	0.26	3	0.71
πίνω	to drink	34	0.67	1	0.26	1	0.23
νυν	NoDef	33	0.65	2	0.53	0	0.23
φεύγω	to flee	33	0.65	4	1.06	1	0.23
δαμάζω	to overpower	33	0.65	3	0.79	1	0.23
ἕνεκα	on account of	33	0.65	4	1.06	3	0.71
αἷμα	blood	33	0.65	2	0.53	1	0.23
τόσος	so great	32	0.63	2	0.53	2	0.47
ὄλλυμι	to destroy	32	0.63	1	0.26	0	0.47
ὀφθαλμός	the eye	32	0.63	0	0	2	0.47
ἀγαθός	good	31	0.61	6	1.59	3	0.71
νοέω	to perceive by the eyes	31	0.61	2	0.53	3	0.71
κτείνω	to kill	31	0.61	6	1.59	1	0.23
κῦμα	anything swollen	31	0.61	3	0.79	2	0.47
βουλή	will	30	0.59	0	0	2	0.47
αὖθις	back	30	0.59	2	0.53	1	0.23
οἶκος	a house	30	0.59	6	1.59	0	0.23
δείδω	to fear	30	0.59	2	0.53	1	0.23
Ὄλυμπος	Olympus	30	0.59	0	0	1	0.23
κρείων	a ruler	30	0.59	1	0.26	2	0.47
πῦρ	fire	30	0.59	2	0.53	5	1.18
ἀγορεύω	to speak in the assembly	30	0.59	0	0	5	1.18
πίπτω	to fall	30	0.59	3	0.79	1	0.23
κεφαλή	the head	30	0.59	0	0	4	0.94
πρότερος	before	30	0.59	4	1.06	2	0.47
ἐκεῖνος	that over there	30	0.59	1	0.26	0	0.47
ἄστυ	a city	30	0.59	9	2.39	5	1.18
δόμος	a house; a course of stone	30	0.59	5	1.32	4	0.94
ἕζομαι	to seat oneself	29	0.57	1	0.26	1	0.23
οἴομαι	to suppose	29	0.57	2	0.53	2	0.47
ἐρῶ	[I will say]	29	0.57	2	0.53	0	0.47
μάχη	battle	29	0.57	4	1.06	0	0.47
ἱκάνω	to come	29	0.57	6	1.59	2	0.47
ἠώς	the morning red	29	0.57	1	0.26	1	0.23
πάσχω	to experience	29	0.57	0	0	4	0.94
Ἀλέξανδρος	Alexander	29	0.57	5	1.32	0	0.94
δάκρυον	a tear	28	0.55	3	0.79	6	1.42
ὠκύς	quick	28	0.55	0	0	2	0.47
ἀπαμείβομαι	to reply	28	0.55	1	0.26	6	1.42
οὕτως	so	28	0.55	1	0.26	4	0.94
γιγνώσκω	to learn to know	28	0.55	2	0.53	1	0.23
τῷ	therefore	28	0.55	2	0.53	4	0.94
ἥρως	hero	27	0.53	4	1.06	2	0.47
θνῄσκω	to die; see also ἀποθνῄσκω	27	0.53	3	0.79	2	0.47
ἤτοι	now surely	27	0.53	3	0.79	0	0.47
χθών	the earth	27	0.53	3	0.79	3	0.71
ἱερός	super-human	27	0.53	2	0.53	3	0.71
ὧδε	in this wise	27	0.53	4	1.06	1	0.23
αὐτοῦ	at the very place	27	0.53	4	1.06	0	0.23
πέτρα	a rock	27	0.53	0	0	1	0.23
νέμω	to deal out	27	0.53	1	0.26	1	0.23
ποταμός	a river	27	0.53	1	0.26	0	0.23
Αἰνείας	Aeneas	27	0.53	2	0.53	0	0.23
ἄλγος	pain	26	0.51	2	0.53	1	0.23
κλύω	to hear	26	0.51	0	0	4	0.94
τόξον	a bow	26	0.51	1	0.26	3	0.71
κόρη	a maiden	26	0.51	3	0.79	2	0.47
ὄρος	a mountain	26	0.51	1	0.26	1	0.23
τλάω	to take upon oneself	26	0.51	0	0	1	0.23
τοῖος	quality	26	0.51	1	0.26	0	0.23
πέλω	to be	26	0.51	2	0.53	6	1.42
αἰνός	dread	26	0.51	3	0.79	1	0.23
Ἑλένη	Helen	26	0.51	4	1.06	0	0.23
φώς	a man	26	0.51	1	0.26	3	0.71
δύω	dunk	26	0.51	5	1.32	1	0.23
Τυδεύς	Tydeus	26	0.51	5	1.32	0	0.23
ἀμφότερος	each of two	26	0.51	1	0.26	0	0.23
τελέω	to complete	25	0.49	0	0	1	0.23
κίω	to go	25	0.49	2	0.53	3	0.71
ἀγορά	an assembly of the people	25	0.49	0	0	5	1.18
ὁράω	to see	25	0.49	1	0.26	3	0.71
οὔτε	neither / nor	25	0.49	1	0.26	2	0.47
Αἴας	Ajax	25	0.49	2	0.53	0	0.47
ἄνωγα	to command	25	0.49	4	1.06	2	0.47
οὐρανός	heaven	25	0.49	2	0.53	1	0.23
εὑρίσκω	to find	25	0.49	2	0.53	0	0.23
καλύπτω	to cover with	25	0.49	2	0.53	4	0.94
νέομαι	to go	24	0.47	1	0.26	0	0.94
κῆρ	the heart	24	0.47	1	0.26	0	0.94
ἴσος	equal to	24	0.47	0	0	1	0.23
ἐνθάδε	here	24	0.47	1	0.26	2	0.47
φιλέω	to love	24	0.47	2	0.53	7	1.66
βροτός	a mortal man	24	0.47	1	0.26	4	0.94
ὀπίσω	backwards	24	0.47	3	0.79	1	0.23
τέκνον	a child	24	0.47	5	1.32	0	0.23
βία	bodily strength	24	0.47	1	0.26	0	0.23
δέω	to bind	24	0.47	0	0	3	0.71
ὑπέρ	over	24	0.47	3	0.79	1	0.23
ὕπνος	sleep	24	0.47	0	0	1	0.23
γλαφυρός	hollow	24	0.47	0	0	1	0.23
μίγνυμι	NoDef	24	0.47	3	0.79	2	0.47
ταχύς	quick	24	0.47	2	0.53	2	0.47
πεδίον	a plain	24	0.47	6	1.59	1	0.23
ὅθι	where	24	0.47	1	0.26	2	0.47
Τυδείδης	NoDef	24	0.47	1	0.26	0	0.47
οἴκαδε	to one's home	23	0.45	0	0	3	0.71
φρονέω	to think	23	0.45	2	0.53	0	0.71
μεγάθυμος	high-minded	23	0.45	1	0.26	1	0.23
χαίρω	to rejoice	23	0.45	1	0.26	7	1.66
ξίφος	a sword	23	0.45	0	0	3	0.71
ἵζω	to make to sit	23	0.45	1	0.26	2	0.47
μιμνήσκω	to remind	23	0.45	2	0.53	3	0.71
ὄις	NoDef	23	0.45	2	0.53	0	0.71
χολόω	to make angry	22	0.43	1	0.26	3	0.71
λίσσομαι	to beg	22	0.43	1	0.26	3	0.71
μάλιστα	most	22	0.43	4	1.06	1	0.23
δέχομαι	to take	22	0.43	2	0.53	1	0.23
ἱστός	mast	22	0.43	2	0.53	1	0.23
ἀνάσσω	to be lord	22	0.43	2	0.53	0	0.23
οὖν	so	22	0.43	0	0	3	0.71
ἀγείρω	to bring together	22	0.43	0	0	5	1.18
ἀπόλλυμι	to destroy	22	0.43	2	0.53	2	0.47
ῥέζω	to do	22	0.43	0	0	1	0.23
ὁδός	a way	22	0.43	3	0.79	3	0.71
πρόσθεν	before	22	0.43	2	0.53	1	0.23
μοῖρα	a part	22	0.43	1	0.26	5	1.18
πειράω	to attempt	22	0.43	1	0.26	10	2.37
Κρονίων	son of Cronus	22	0.43	1	0.26	1	0.23
πόσις	a husband	22	0.43	2	0.53	4	0.94
μέλλω	to think of doing	22	0.43	3	0.79	1	0.23
μέμαα	to wish eagerly	22	0.43	1	0.26	0	0.23
ἡμέτερος	our	21	0.41	3	0.79	3	0.71
ἄψ	backwards	21	0.41	2	0.53	2	0.47
πως	somehow	21	0.41	0	0	1	0.23
ἦτορ	the heart	21	0.41	0	0	1	0.23
δῶρον	a gift	21	0.41	1	0.26	7	1.66
λευκός	light	21	0.41	0	0	1	0.23
μέλω	to be an object of care	21	0.41	3	0.79	0	0.23
Ἥφαιστος	Hephaestus	21	0.41	0	0	12	2.84
παρίστημι	to make to stand	21	0.41	2	0.53	3	0.71
φιλότης	friendship	21	0.41	3	0.79	4	0.94
Ἀφροδίτη	Aphrodite	21	0.41	0	0	5	1.18
οὕνεκα	on which account	20	0.39	2	0.53	6	1.42
τίνω	to pay a price	20	0.39	0	0	2	0.47
κέλομαι	to urge on	20	0.39	3	0.79	0	0.47
εἷς	one	20	0.39	2	0.53	0	0.47
δεῦρο	hither	20	0.39	1	0.26	4	0.94
κάμνω	to work	20	0.39	2	0.53	0	0.94
αἰγίοχος	Aegis-bearing	20	0.39	1	0.26	0	0.94
γλαυκῶπις	with gleaming eyes	20	0.39	1	0.26	0	0.94
δύναμαι	to be able	20	0.39	2	0.53	0	0.94
νέος	young	20	0.39	1	0.26	5	1.18
δεσμός	anything for binding	20	0.39	1	0.26	10	2.37
εὐνή	a bed	20	0.39	1	0.26	3	0.71
δαίνυμι	to give a feast	20	0.39	0	0	1	0.23
λανθάνω	to escape notice	20	0.39	1	0.26	2	0.47
ἱππόδαμος	tamer of horses	20	0.39	2	0.53	0	0.47
δῆμος	people; (originally) a country-district	20	0.39	2	0.53	6	1.42
ἀσπίς	a round shield; asp	20	0.39	2	0.53	0	1.42
ἡγεμονεύω	to be or act as ἡγεμών	20	0.39	0	0	2	0.47
κλυτός	heard of: renowned	20	0.39	1	0.26	1	0.23
ὄλεθρος	ruin	20	0.39	3	0.79	1	0.23
ὅμιλος	any assembled crowd	20	0.39	1	0.26	3	0.71
ἔδω	to eat	20	0.39	1	0.26	1	0.23
ἀείδω	to sing	19	0.37	0	0	13	3.08
στρατός	an encamped army	19	0.37	1	0.26	0	3.08
μυθέομαι	to say	19	0.37	2	0.53	3	0.71
προίημι	NoDef	19	0.37	0	0	1	0.23
ἀρχός	a leader	19	0.37	0	0	2	0.47
μηρός	the thigh	19	0.37	0	0	1	0.23
ἄμφω	both	19	0.37	2	0.53	2	0.47
ῥέω	to flow	19	0.37	1	0.26	0	0.47
πολύμητις	of many counsels	19	0.37	0	0	6	1.42
πότνια	mistress	19	0.37	5	1.32	1	0.23
γόνυ	the knee	19	0.37	5	1.32	0	0.23
ἦμος	at which time	19	0.37	0	0	1	0.23
καταδύω	to go down	19	0.37	1	0.26	0	0.23
νεικέω	to quarrel	19	0.37	2	0.53	2	0.47
ἅπας	quite all	19	0.37	2	0.53	3	0.71
νήπιος	infant	19	0.37	5	1.32	0	0.71
ἡδύς	sweet	19	0.37	0	0	1	0.23
βοή	a loud cry	19	0.37	5	1.32	0	0.23
ἐυκνήμις	NoDef	18	0.35	1	0.26	0	0.23
κιχάνω	to reach	18	0.35	3	0.79	1	0.23
φράζω	to point out	18	0.35	0	0	2	0.47
ὁπότε	when	18	0.35	0	0	1	0.23
παύω	to make to cease	18	0.35	0	0	1	0.23
εἴδομαι	are visible	18	0.35	0	0	3	0.71
τρέφω	to nourish	18	0.35	1	0.26	0	0.71
ποιμήν	herdsman	18	0.35	1	0.26	0	0.71
μάκαρ	blessed	18	0.35	1	0.26	3	0.71
κλαίω	to weep	18	0.35	0	0	2	0.47
δαίς	feast	18	0.35	0	0	5	1.18
πάρος	beforetime	18	0.35	1	0.26	3	0.71
τέρπω	to satisfy	18	0.35	0	0	8	1.89
περικαλλής	very beautiful	18	0.35	2	0.53	3	0.71
εὕδω	to sleep	18	0.35	0	0	4	0.94
δαίφρων	NoDef	18	0.35	2	0.53	5	1.18
ἕτερος	the one; the other (of two)	18	0.35	0	0	1	0.23
μεγαλήτωρ	great-hearted	18	0.35	2	0.53	2	0.47
ἀρηίφιλος	NoDef	18	0.35	1	0.26	0	0.47
σχεδόν	close	18	0.35	1	0.26	0	0.47
ἀμφίπολος	busied about	18	0.35	5	1.32	0	0.47
δίφρος	the chariot (board); seat	18	0.35	2	0.53	0	0.47
σκῆπτρον	a staff	17	0.33	1	0.26	0	0.47
θίς	a heap	17	0.33	0	0	1	0.23
λευκώλενος	white-armed	17	0.33	2	0.53	0	0.23
ἀνίστημι	to make to stand up	17	0.33	0	0	1	0.23
ἑκατόμβη	an offering of a hundred oxen	17	0.33	1	0.26	0	0.23
ἡγέομαι	to lead; to consider	17	0.33	0	0	2	0.47
πόρω	 pres. not attested; aor. to furnish	17	0.33	3	0.79	1	0.23
χόλος	gall	17	0.33	3	0.79	1	0.23
Τροία	Troy	17	0.33	3	0.79	0	0.23
νόος	mind	17	0.33	0	0	3	0.71
τιμή	that which is paid in token of worth	17	0.33	1	0.26	1	0.23
πέμπω	to send	17	0.33	2	0.53	1	0.23
κλισία	a place for lying down	17	0.33	0	0	1	0.23
τάχα	(Homer	17	0.33	4	1.06	2	0.47
ἠμί	to say	17	0.33	1	0.26	3	0.71
γλυκύς	sweet	17	0.33	0	0	1	0.23
ἀντίθεος	equal to the gods	17	0.33	1	0.26	2	0.47
ὅστις	indef. relative or indirect interrogative	17	0.33	0	0	4	0.94
καρπάλιμος	swift	17	0.33	0	0	2	0.47
ἐρετμόν	oar	17	0.33	0	0	2	0.47
ἀνέχω	to hold up; (mid.) endure	17	0.33	2	0.53	0	0.47
πόνος	work	17	0.33	3	0.79	1	0.23
ἄκρος	at the furthest point	17	0.33	4	1.06	0	0.23
εἶδος	that which is seen	17	0.33	1	0.26	4	0.94
κονία	dust	17	0.33	2	0.53	0	0.94
ὄχος	a carriage	17	0.33	1	0.26	0	0.94
ἆθλος	a contest for a prize	17	0.33	0	0	13	3.08
δόλος	a bait	17	0.33	1	0.26	4	0.94
φύω	to bring forth	17	0.33	4	1.06	1	0.23
Ὀλύμπιος	Olympian	16	0.31	1	0.26	0	0.23
ὀιστός	NoDef	16	0.31	0	0	1	0.23
οἴχομαι	to be gone	16	0.31	2	0.53	3	0.71
πρό	before	16	0.31	1	0.26	1	0.23
τέκος	the young	16	0.31	0	0	2	0.47
κήρ	doom	16	0.31	0	0	1	0.23
πυνθάνομαι	to learn by hearsay	16	0.31	2	0.53	1	0.23
Ποσειδεών	NoDef	16	0.31	0	0	4	0.94
κῆδος	care for	16	0.31	1	0.26	2	0.47
νικάω	to conquer	16	0.31	0	0	1	0.23
νόστος	a return home	16	0.31	0	0	2	0.47
ὑψηλός	high	16	0.31	1	0.26	1	0.23
θύρα	a door	16	0.31	2	0.53	0	0.23
θάλαμος	an inner room	16	0.31	6	1.59	2	0.47
εἰσοράω	to look into	16	0.31	0	0	4	0.94
ἔμπεδος	in the ground	16	0.31	1	0.26	3	0.71
σῖτος	corn	16	0.31	0	0	1	0.23
πομπή	conduct	16	0.31	1	0.26	5	1.18
κοῖλος	hollow	15	0.29	0	0	2	0.47
ἀμύνω	to keep off	15	0.29	2	0.53	1	0.23
πῶς	how? in what way	15	0.29	0	0	1	0.23
πλείων	more	15	0.29	0	0	1	0.23
Παλλάς	Pallas	15	0.29	1	0.26	1	0.23
Νέστωρ	Nestor	15	0.29	1	0.26	0	0.23
ἐπιτέλλω	to lay upon	15	0.29	1	0.26	1	0.23
διογενής	sprung from Zeus	15	0.29	0	0	1	0.23
ποιέω	to make	15	0.29	2	0.53	2	0.47
κάρα	the head	15	0.29	1	0.26	0	0.47
χιτών	the garment worn next the skin	15	0.29	0	0	4	0.94
πυκνός	close	15	0.29	1	0.26	0	0.94
ἄγχι	near	15	0.29	1	0.26	3	0.71
τέμνω	to cut	15	0.29	1	0.26	0	0.71
θαλερός	blooming	15	0.29	2	0.53	1	0.23
κλέος	a rumour	15	0.29	1	0.26	3	0.71
ἐρίηρος	fitting exactly	15	0.29	0	0	2	0.47
πῆμα	suffering	15	0.29	1	0.26	2	0.47
φαεινός	shining	15	0.29	2	0.53	0	0.47
ἔνθεν	whence; thence	15	0.29	0	0	1	0.23
καταλέγω	recount	15	0.29	0	0	2	0.47
ἀοιδός	a singer	15	0.29	0	0	12	2.84
ἔρις	strife	14	0.27	0	0	1	0.23
Ἄργος	Argos	14	0.27	3	0.79	0	0.23
πίων	fat	14	0.27	0	0	1	0.23
χώομαι	to be angry	14	0.27	0	0	1	0.23
ἀργύρεος	silver	14	0.27	0	0	1	0.23
πάλιν	back	14	0.27	1	0.26	0	0.23
ἀμείνων	better	14	0.27	2	0.53	0	0.23
Ἰδομενεύς	Idomeneus	14	0.27	1	0.26	0	0.23
πτολίεθρον	town	14	0.27	0	0	1	0.23
ὠθέω	to thrust	14	0.27	1	0.26	0	0.23
γείνομαι	to be born; to beget	14	0.27	2	0.53	1	0.23
αὖθι	on the spot	14	0.27	2	0.53	1	0.23
χαλεπός	hard to bear	14	0.27	0	0	1	0.23
θείνω	to strike	14	0.27	4	1.06	0	0.23
θεσπέσιος	divinely sounding	14	0.27	0	0	1	0.23
ἡγήτωρ	a leader	14	0.27	0	0	5	1.18
ἀείρω	to lift	14	0.27	2	0.53	1	0.23
οὐκέτι	no more	14	0.27	0	0	2	0.47
ἅρμα	a chariot	14	0.27	1	0.26	0	0.47
αἰδοῖος	regarded with reverence	14	0.27	1	0.26	3	0.71
ἐρατεινός	lovely	14	0.27	1	0.26	1	0.23
αἰπύς	high and steep	14	0.27	2	0.53	0	0.23
ἄγριος	(living in the fields) wild	14	0.27	2	0.53	2	0.47
νεκρός	a dead body	14	0.27	1	0.26	0	0.47
ἀφικνέομαι	to come to	14	0.27	0	0	1	0.23
ἐποίχομαι	to go towards	13	0.25	2	0.53	0	0.23
εἴσω	to within	13	0.25	3	0.79	1	0.23
αἰχμητής	a spearman	13	0.25	2	0.53	0	0.23
τρίς	thrice	13	0.25	1	0.26	1	0.23
δαίμων	god; divine power	13	0.25	1	0.26	0	0.23
φύλλον	a leaf;	13	0.25	2	0.53	0	0.23
κρίνω	to pick out	13	0.25	1	0.26	2	0.47
ἔρομαι	to ask	13	0.25	1	0.26	1	0.23
ἠύτε	NoDef	13	0.25	0	0	2	0.47
χαλκοχίτων	brass-clad	13	0.25	1	0.26	0	0.47
ἱστίον	any web	13	0.25	0	0	2	0.47
κρατήρ	a mixing vessel	13	0.25	1	0.26	0	0.47
δέπας	a beaker	13	0.25	1	0.26	2	0.47
κοιμάω	to lull	13	0.25	2	0.53	1	0.23
θέω	to run	13	0.25	6	1.59	3	0.71
κράς	the head	13	0.25	1	0.26	1	0.23
θεῖος	of/from the gods	13	0.25	1	0.26	5	1.18
ἀνίημι	to send up; let go	13	0.25	1	0.26	2	0.47
ἐπίκουρος	an assister	13	0.25	2	0.53	0	0.47
πλήσσω	to strike	13	0.25	0	0	1	0.23
πλησίος	near	13	0.25	2	0.53	2	0.47
ἰδέ	and	13	0.25	2	0.53	0	0.47
θεοειδής	divine of form	13	0.25	3	0.79	0	0.47
λέων	a lion	13	0.25	1	0.26	0	0.47
ἀλκή	strength	13	0.25	2	0.53	0	0.47
καθίζω	to make to sit down	13	0.25	1	0.26	2	0.47
κασίγνητος	a brother; adj of a brother; sibling	13	0.25	5	1.32	2	0.47
τείρω	to rub hard	13	0.25	3	0.79	0	0.47
κρέας	flesh	13	0.25	0	0	1	0.23
φαίδιμος	shining	13	0.25	5	1.32	0	0.23
κύων	a dog	12	0.23	2	0.53	0	0.23
λέχος	a couch	12	0.23	0	0	1	0.23
κήδω	to trouble	12	0.23	1	0.26	0	0.23
μετεῖπον	to speak among	12	0.23	0	0	1	0.23
βαρύς	heavy	12	0.23	0	0	2	0.47
τεός	= σός	12	0.23	0	0	2	0.47
ὀλίγος	few	12	0.23	0	0	2	0.47
ἄχος	pain	12	0.23	2	0.53	2	0.47
τρέπω	to turn	12	0.23	1	0.26	0	0.47
κεῖνος	NoDef	12	0.23	1	0.26	1	0.23
ὀνομάζω	to name	12	0.23	3	0.79	2	0.47
τόφρα	up to	12	0.23	0	0	2	0.47
θρόνος	a seat	12	0.23	0	0	3	0.71
λίαν	very	12	0.23	2	0.53	3	0.71
ἀίσσω	to move with a quick shooting motion	12	0.23	2	0.53	0	0.71
εἷμα	a garment	12	0.23	0	0	2	0.47
μίμνω	to stay	12	0.23	2	0.53	0	0.47
σῆμα	a sign	12	0.23	4	1.06	2	0.47
στυγερός	hated	12	0.23	1	0.26	0	0.47
ἐυκτίμενος	NoDef	12	0.23	2	0.53	1	0.23
ἀοιδή	song	12	0.23	0	0	7	1.66
πήγνυμι	to make fast	12	0.23	1	0.26	0	1.66
ζωός	alive	12	0.23	3	0.79	0	1.66
πύλη	one wing of a pair of double gates	12	0.23	4	1.06	0	1.66
κορυθαίολος	with glancing helm	12	0.23	7	1.86	0	1.66
λυγρός	sore	12	0.23	2	0.53	0	1.66
Σαρπηδών	Sarpedon	12	0.23	1	0.26	0	1.66
νηλής	pitiless	12	0.23	0	0	2	0.47
ἀλέομαι	to avoid	12	0.23	1	0.26	0	0.47
ὀστέον	bone	12	0.23	1	0.26	0	0.47
ὗς	wild swine	12	0.23	0	0	2	0.47
αὐλή	court	12	0.23	2	0.53	0	0.47
ἐποτρύνω	to stir up	12	0.23	2	0.53	3	0.71
εὐπλόκαμος	NoDef	12	0.23	2	0.53	0	0.71
Ἀρήτη	wife of Alcinous	12	0.23	0	0	3	0.71
ἐρίζω	to strive	11	0.21	1	0.26	3	0.71
ναός	the dwelling of a god	11	0.21	7	1.86	0	0.71
Φοῖβος	Phoebus	11	0.21	0	0	1	0.23
ὅπως	how	11	0.21	0	0	1	0.23
καρπός	fruit	11	0.21	1	0.26	0	0.23
πάρειμι	be present	11	0.21	0	0	2	0.47
καρτερός	strong	11	0.21	0	0	1	0.23
ὄζος	a bough	11	0.21	1	0.26	0	0.23
φορέω	to bear	11	0.21	1	0.26	0	0.23
λιγύς	clear	11	0.21	0	0	5	1.18
γενεά	race	11	0.21	6	1.59	0	1.18
γηθέω	to rejoice	11	0.21	1	0.26	2	0.47
ἕρκος	a fence	11	0.21	1	0.26	1	0.23
στενάχω	to sigh	11	0.21	0	0	2	0.47
ἐύς	NoDef	11	0.21	2	0.53	2	0.47
ἠριγένεια	early-born	11	0.21	0	0	1	0.23
ῥοδοδάκτυλος	rosy-fingered	11	0.21	1	0.26	1	0.23
ἰάχω	to cry	11	0.21	1	0.26	0	0.23
Κρονίδης	son of Cronus	11	0.21	1	0.26	0	0.23
μᾶλλον	more	11	0.21	0	0	1	0.23
τίω	to pay honour to	11	0.21	1	0.26	1	0.23
ἀργυρόηλος	silver-studded	11	0.21	0	0	3	0.71
φέρτατος	bravest	11	0.21	1	0.26	1	0.23
νοστέω	to come	11	0.21	0	0	2	0.47
λᾶας	stone	11	0.21	0	0	1	0.23
ἐπείγω	to press down	11	0.21	3	0.79	0	0.23
ὕλη	wood	11	0.21	1	0.26	0	0.23
ὥρα	[sacrificial victim]	11	0.21	1	0.26	0	0.23
πεντήκοντα	fifty	11	0.21	1	0.26	2	0.47
ναιετάω	to dwell	11	0.21	3	0.79	1	0.23
ἄρουρα	tilled or arable land	11	0.21	2	0.53	0	0.23
φάλαγξ	a line of battle	11	0.21	2	0.53	0	0.23
Λύκιοι	the Lycians	11	0.21	2	0.53	0	0.23
τείνω	to stretch	11	0.21	0	0	1	0.23
ἀγαυός	illustrious	11	0.21	1	0.26	1	0.23
μειλίχιος	gentle	11	0.21	2	0.53	1	0.23
νέφος	a cloud	11	0.21	0	0	1	0.23
λούω	to wash	11	0.21	1	0.26	4	0.94
κλείς	bar	11	0.21	1	0.26	1	0.23
κατέρχομαι	to go down from; return from exile	11	0.21	2	0.53	1	0.23
μυρίος	numberless	10	0.19	0	0	1	0.23
τίς	who? which?	10	0.19	2	0.53	0	0.23
ἄποινα	a ransom; compensation	10	0.19	2	0.53	0	0.23
εὔκομος	fair-haired	10	0.19	3	0.79	1	0.23
αὔτως	in this very manner	10	0.19	1	0.26	0	0.23
δεύω	to wet	10	0.19	0	0	1	0.23
ἔκπαγλος	terrible	10	0.19	0	0	1	0.23
δηλέομαι	to hurt	10	0.19	0	0	1	0.23
ὄπισθεν	behind	10	0.19	2	0.53	1	0.23
νόσφι	aloof	10	0.19	1	0.26	1	0.23
ἀποβαίνω	to step off from	10	0.19	2	0.53	0	0.23
ἑξῆς	one after another	10	0.19	1	0.26	0	0.23
αἶθοψ	fiery-looking	10	0.19	1	0.26	0	0.23
δαιμόνιος	of or belonging to a δαίμων; miraculous	10	0.19	4	1.06	0	0.23
κάθημαι	to be seated	10	0.19	0	0	1	0.23
Μοῦσα	the Muse	10	0.19	0	0	4	0.94
ἀμφίς	on both sides; apart	10	0.19	0	0	2	0.47
Ἀτρεύς	Atreus	10	0.19	1	0.26	0	0.47
ἐγείρω	to awaken	10	0.19	1	0.26	0	0.47
πέτομαι	to fly	10	0.19	0	0	1	0.23
ὄσσα	a rumour	10	0.19	1	0.26	0	0.23
βοάω	to cry aloud	10	0.19	0	0	1	0.23
ἐρείδω	cause to lean	10	0.19	0	0	2	0.47
σεύω	to put in quick motion: to drive	10	0.19	3	0.79	0	0.47
χρυσός	gold	10	0.19	1	0.26	2	0.47
αὔω	to burn	10	0.19	2	0.53	0	0.47
θώραξ	a breastplate	10	0.19	1	0.26	0	0.47
κατακτείνω	to kill	10	0.19	3	0.79	0	0.47
τεῖχος	a wall	10	0.19	3	0.79	0	0.47
Λυκία	Lycia.	10	0.19	6	1.59	0	0.47
γυῖον	a limb	10	0.19	1	0.26	1	0.23
κοῦρος	[Ep. and Ion. boy > κόρος]	10	0.19	0	0	3	0.71
ἐρύκω	to keep in	10	0.19	2	0.53	1	0.23
πύργος	a tower	10	0.19	3	0.79	0	0.23
αἰχμή	the point of a spear	10	0.19	2	0.53	0	0.23
ἀήρ	the lower air	10	0.19	0	0	1	0.23
τύπτω	to beat	10	0.19	1	0.26	0	0.23
ἐλεέω	to have pity on	10	0.19	4	1.06	0	0.23
σπένδω	to pour a libation	10	0.19	1	0.26	2	0.47
Δημόδοκος	Demodocus	10	0.19	0	0	10	2.37
αἰδέομαι	to be ashamed to do	9	0.17	1	0.26	1	0.23
ὕστερος	latter	9	0.17	0	0	1	0.23
γῆρας	old age	9	0.17	0	0	1	0.23
ἀράομαι	to pray to	9	0.17	2	0.53	0	0.23
ἶφι	strongly	9	0.17	1	0.26	0	0.23
ἀγοράομαι	to meet in assembly	9	0.17	0	0	1	0.23
πρόφρων	with forward mind	9	0.17	1	0.26	1	0.23
αὐδάω	to utter sounds	9	0.17	1	0.26	0	0.23
ἀεικής	unseemly	9	0.17	0	0	1	0.23
οὔτι	in no wise	9	0.17	2	0.53	2	0.47
ἠέ	ah!	9	0.17	0	0	1	0.23
τίπτε	why? (τί ποτε)	9	0.17	1	0.26	0	0.23
ἀπιθέω	he disobeyed	9	0.17	1	0.26	0	0.23
μάρναμαι	to fight	9	0.17	3	0.79	0	0.23
δειλός	cowardly	9	0.17	0	0	2	0.47
ἔισος	NoDef	9	0.17	0	0	1	0.23
θεράπων	a waiting-man	9	0.17	3	0.79	0	0.23
ἄγγελος	a messenger	9	0.17	0	0	1	0.23
ἆσσον	nearer	9	0.17	1	0.26	0	0.23
ὀφέλλω	[Epic	9	0.17	1	0.26	3	0.71
Θήβη	NoDef	9	0.17	2	0.53	0	0.71
αἶσα	share	9	0.17	3	0.79	1	0.23
κομίζω	to take care of	9	0.17	1	0.26	1	0.23
περικλυτός	heard of all round	9	0.17	1	0.26	7	1.66
φᾶρος	a large piece of cloth	9	0.17	0	0	6	1.42
μέδων	a guardian	9	0.17	0	0	5	1.18
ἐνέπω	to tell	9	0.17	1	0.26	2	0.47
προπάροιθε	before	9	0.17	1	0.26	0	0.47
Ἑρμῆς	Hermes	9	0.17	0	0	3	0.71
τοιόσδε	such a	9	0.17	1	0.26	0	0.71
εὔσελμος	well-benched	9	0.17	0	0	1	0.23
ἔξοχος	standing out	9	0.17	1	0.26	1	0.23
ὀδύρομαι	to lament	9	0.17	0	0	2	0.47
δηρός	long	9	0.17	0	0	2	0.47
σμερδαλέος	terrible to look on	9	0.17	0	0	1	0.23
φαγεῖν	to eat	9	0.17	0	0	1	0.23
φόνος	murder	9	0.17	1	0.26	1	0.23
πότμος	that which befals one	9	0.17	1	0.26	0	0.23
περάω	to drive right through; pass	9	0.17	1	0.26	0	0.23
ἔργω	to bar one's way	9	0.17	0	0	1	0.23
ἄρειος	NoDef	9	0.17	1	0.26	0	0.23
ἠμέν	as well .. 	9	0.17	0	0	2	0.47
νύμφη	a young wife	9	0.17	2	0.53	0	0.47
κλίνω	to make to bend	9	0.17	1	0.26	0	0.47
τοκεύς	one who begets	9	0.17	0	0	2	0.47
χάλκειος	of copper	9	0.17	4	1.06	0	0.47
ζωστήρ	a girdle	9	0.17	1	0.26	0	0.47
ἐπήν	NoDef	9	0.17	1	0.26	2	0.47
ὀπάζω	to make to follow	9	0.17	1	0.26	2	0.47
οὐτάω	to wound	9	0.17	1	0.26	0	0.47
ἐξεναρίζω	to strip	9	0.17	4	1.06	0	0.47
λίθος	a stone	9	0.17	2	0.53	2	0.47
ἐναντίος	opposite	9	0.17	4	1.06	0	0.47
χαρίζομαι	NoDef	9	0.17	1	0.26	2	0.47
ἐγγύθεν	from nigh at hand	9	0.17	0	0	3	0.71
ζώω	NoDef	9	0.17	1	0.26	0	0.71
πέπλος	any woven cloth	9	0.17	4	1.06	0	0.71
εὐεργής	well-wrought	9	0.17	0	0	1	0.23
ξεστός	smoothed	9	0.17	3	0.79	1	0.23
οὐδός	a threshold	9	0.17	1	0.26	1	0.23
δόρπον	the evening meal	9	0.17	0	0	1	0.23
ἐμπίπλημι	NoDef	9	0.17	0	0	2	0.47
χαρίεις	graceful	8	0.15	2	0.53	1	0.23
ὄχα	far	8	0.15	1	0.26	1	0.23
τοὔνεκα	for that reason	8	0.15	1	0.26	0	0.23
δέμας	the (physical frame	8	0.15	0	0	3	0.71
καλλιπάρηος	beautiful-cheeked	8	0.15	2	0.53	0	0.71
μογέω	to toil	8	0.15	0	0	2	0.47
εὖτε	when	8	0.15	2	0.53	0	0.47
μεθίημι	to let go	8	0.15	2	0.53	0	0.47
εἴκοσι	twenty	8	0.15	1	0.26	0	0.47
ἄφαρ	straightway	8	0.15	0	0	2	0.47
τυτθός	little	8	0.15	1	0.26	0	0.47
κελαινεφής	black with clouds	8	0.15	1	0.26	0	0.47
κόρος	one's fill	8	0.15	1	0.26	2	0.47
πορφύρεος	darkgleaming	8	0.15	0	0	2	0.47
ἀυτή	NoDef	8	0.15	1	0.26	0	0.47
δέος	fear	8	0.15	0	0	1	0.23
ἀντίος	set against	8	0.15	1	0.26	0	0.23
φόρμιγξ	the phorminx	8	0.15	0	0	7	1.66
μήδομαι	to be minded	8	0.15	1	0.26	0	1.66
μεταυδάω	to speak among	8	0.15	0	0	3	0.71
νεφέλη	a cloud	8	0.15	0	0	1	0.23
νῶτον	the back; surface (of the sea)	8	0.15	0	0	1	0.23
χλαῖνα	cloak	8	0.15	0	0	1	0.23
εἰσέρχομαι	to go in	8	0.15	2	0.53	0	0.23
ἐφέπω	to go after	8	0.15	1	0.26	0	0.23
φῦλον	a race	8	0.15	0	0	1	0.23
ἱερεύω	to slaughter	8	0.15	4	1.06	1	0.23
δάιος	NoDef	8	0.15	3	0.79	0	0.23
Εὐρύαλος	Euryalus	8	0.15	1	0.26	6	1.42
πλεῖστος	most	8	0.15	1	0.26	0	1.42
θῆλυς	female	8	0.15	0	0	1	0.23
ἀλεγεινός	hard	8	0.15	0	0	2	0.47
γένος	race	8	0.15	2	0.53	1	0.23
πάλλω	to poise	8	0.15	2	0.53	0	0.23
ἄκοιτις	a spouse	8	0.15	2	0.53	0	0.23
ὁρμάω	to set in motion	8	0.15	1	0.26	1	0.23
ὄνομα	name	8	0.15	0	0	1	0.23
καταβαίνω	to step down	8	0.15	1	0.26	0	0.23
κατέπεφνον	to kill	8	0.15	4	1.06	0	0.23
στιβαρός	compact	8	0.15	0	0	4	0.94
κόρυς	a helmet	8	0.15	4	1.06	0	0.94
δείκνυμι	to show	8	0.15	1	0.26	1	0.23
φύλοπις	the battle-cry	8	0.15	2	0.53	0	0.23
ἀνάγκη	force	8	0.15	1	0.26	0	0.23
ὀρέγω	to reach	8	0.15	1	0.26	0	0.23
Ἀντίλοχος	Antilochus	8	0.15	1	0.26	0	0.23
αὐχήν	the neck	8	0.15	1	0.26	1	0.23
μαίνομαι	to rage	8	0.15	3	0.79	0	0.23
γοάω	to wail	8	0.15	2	0.53	1	0.23
τῇ	here	8	0.15	2	0.53	2	0.47
καταλείπω	to leave behind	8	0.15	2	0.53	0	0.47
πολύτλας	having borne much	8	0.15	0	0	2	0.47
ὅπη	by which way	8	0.15	0	0	2	0.47
γεραιός	old	7	0.13	4	1.06	0	0.47
κινέω	to set in motion	7	0.13	0	0	1	0.23
δέκατος	tenth	7	0.13	1	0.26	0	0.23
λεύσσω	to look	7	0.13	0	0	2	0.47
ἱερόν	sanctuary	7	0.13	0	0	1	0.23
ὑπόδρα	from under	7	0.13	0	0	1	0.23
σκιόεις	shady	7	0.13	0	0	1	0.23
ἐπισεύω	to put in motion against	7	0.13	1	0.26	0	0.23
καρδία	the heart	7	0.13	0	0	1	0.23
πείρω	to pierce quite through	7	0.13	0	0	1	0.23
κελαινός	black	7	0.13	1	0.26	0	0.23
ἀπαυράω	to take away	7	0.13	2	0.53	0	0.23
πάντῃ	every way	7	0.13	2	0.53	0	0.23
Θέτις	Thetis	7	0.13	1	0.26	0	0.23
ὀφείλω	to owe	7	0.13	1	0.26	0	0.23
βωμός	any raised platform	7	0.13	0	0	1	0.23
δεύτερος	second	7	0.13	1	0.26	0	0.23
νημερτής	unerring	7	0.13	1	0.26	0	0.23
ὑπισχνέομαι	to promise	7	0.13	3	0.79	1	0.23
ἅλλομαι	to spring	7	0.13	1	0.26	0	0.23
ἀτρεκής	real	7	0.13	0	0	1	0.23
δαίω	to light up	7	0.13	0	0	2	0.47
ἐννέα	nine	7	0.13	1	0.26	1	0.23
ὀρίνω	to stir	7	0.13	0	0	1	0.23
ἐκτελέω	to bring quite to an end	7	0.13	0	0	1	0.23
θαυμάζω	to wonder	7	0.13	0	0	2	0.47
τέρας	a sign	7	0.13	1	0.26	0	0.47
τοιοῦτος	such as this	7	0.13	0	0	1	0.23
νεῖκος	a quarrel	7	0.13	0	0	1	0.23
μέτειμι	be among; (+dat and gen) have a share in	7	0.13	1	0.26	0	0.23
διακρίνω	to separate one from another	7	0.13	0	0	1	0.23
ῥήγνυμι	to break	7	0.13	1	0.26	0	0.23
ἀφνειός	rich	7	0.13	2	0.53	0	0.23
Θρᾷξ	a Thracian;	7	0.13	1	0.26	0	0.23
καταχεύω	NoDef	7	0.13	1	0.26	1	0.23
ὑπέρθυμος	high-spirited	7	0.13	1	0.26	0	0.23
φόβος	fear	7	0.13	2	0.53	0	0.23
Ἀντήνωρ	instead of a man	7	0.13	1	0.26	0	0.23
ῥοή	a river	7	0.13	1	0.26	0	0.23
κερδίων	more profitable	7	0.13	2	0.53	0	0.23
ἕννυμι	to put clothes on	7	0.13	0	0	1	0.23
σιωπή	silence	7	0.13	1	0.26	1	0.23
κατατίθημι	to place	7	0.13	1	0.26	0	0.23
τρίτος	the third	7	0.13	1	0.26	0	0.23
χαλκήρης	fitted with brass	7	0.13	1	0.26	0	0.23
ποικίλος	many-coloured	7	0.13	1	0.26	1	0.23
δολιχόσκιος	casting a long shadow;	7	0.13	2	0.53	0	0.23
ἄγνυμι	to break	7	0.13	2	0.53	0	0.23
εἰκός	like truth	7	0.13	1	0.26	1	0.23
χορός	a round dance	7	0.13	0	0	3	0.71
ἱρός	NoDef	7	0.13	2	0.53	0	0.71
συλάω	to strip off	7	0.13	2	0.53	0	0.71
ἐκβαίνω	to step out of	7	0.13	0	0	1	0.23
ἰθύνω	to make straight	7	0.13	1	0.26	0	0.23
μελιηδής	honey-sweet	7	0.13	1	0.26	0	0.23
χαμαί	on the earth	7	0.13	1	0.26	0	0.23
γαστήρ	the paunch	7	0.13	1	0.26	0	0.23
ὑπεκφεύγω	to flee away	7	0.13	1	0.26	0	0.23
Ἄρτεμις	Artemis	7	0.13	2	0.53	0	0.23
διαμπερές	through and through	7	0.13	0	0	1	0.23
γόος	weeping	7	0.13	1	0.26	1	0.23
ἄμβροτος	immortal	7	0.13	0	0	1	0.23
δύστηνος	wretched	7	0.13	1	0.26	0	0.23
Βελλεροφόντης	Bellerophon	7	0.13	7	1.86	0	0.23
θύελλα	a furious storm	7	0.13	1	0.26	0	0.23
ἔνδον	in	7	0.13	1	0.26	0	0.23
ταμία	a housekeeper	7	0.13	2	0.53	1	0.23
ἄνειμι	go up	7	0.13	1	0.26	1	0.23
ἐνοσίχθων	NoDef	7	0.13	0	0	1	0.23
Καλυψώ	Calypso	7	0.13	0	0	1	0.23
συνίημι	to bring together; understand	6	0.11	0	0	1	0.23
ἅζομαι	to stand in awe of	6	0.11	1	0.26	0	0.23
ἁνδάνω	to please	6	0.11	0	0	1	0.23
ἀμφιβαίνω	to go about	6	0.11	1	0.26	1	0.23
ἐννῆμαρ	for nine days	6	0.11	1	0.26	0	0.23
μετόπισθε	from behind	6	0.11	1	0.26	1	0.23
φυή	growth	6	0.11	0	0	2	0.47
Πηλείδης	NoDef	6	0.11	0	0	1	0.23
ἱλάσκομαι	to appease	6	0.11	2	0.53	0	0.23
ἐριβῶλαξ	with large clods	6	0.11	1	0.26	0	0.23
ἀπειλέω	[to force back]	6	0.11	0	0	1	0.23
κολεόν	a sheath	6	0.11	0	0	1	0.23
ὁμῶς	equally	6	0.11	0	0	1	0.23
λήγω	to stay	6	0.11	1	0.26	1	0.23
κώπη	the handle of an oar	6	0.11	0	0	1	0.23
ἑτέρωθεν	from the other side	6	0.11	1	0.26	0	0.23
φθίω	to decay	6	0.11	1	0.26	0	0.23
κράτιστος	strongest	6	0.11	2	0.53	0	0.23
ταρβέω	to be frightened	6	0.11	1	0.26	0	0.23
προσφωνέω	to call	6	0.11	0	0	1	0.23
πάροιθε	before	6	0.11	1	0.26	0	0.23
διαπέρθω	to destroy utterly	6	0.11	0	0	1	0.23
δέρω	to skin	6	0.11	0	0	1	0.23
λείβω	to pour	6	0.11	1	0.26	3	0.71
ἐδητύς	meat	6	0.11	0	0	2	0.47
πετάννυμι	to spread out	6	0.11	0	0	1	0.23
φθινύθω	to waste	6	0.11	1	0.26	1	0.23
ὀφρύς	the brow	6	0.11	0	0	2	0.47
ἐλελίζω	to whirl round	6	0.11	2	0.53	0	0.47
μαλακός	soft	6	0.11	1	0.26	0	0.47
ἀναίσσω	NoDef	6	0.11	0	0	2	0.47
ῥίπτω	to throw	6	0.11	0	0	1	0.23
πατρώιος	NoDef	6	0.11	2	0.53	0	0.23
ὀπαδέω	to follow	6	0.11	0	0	1	0.23
Κρόνος	Cronus	6	0.11	1	0.26	0	0.23
κόσμος	order	6	0.11	0	0	3	0.71
ὕπερθεν	from above	6	0.11	0	0	1	0.23
στόμα	the mouth	6	0.11	1	0.26	0	0.23
δάω	to learn	6	0.11	1	0.26	2	0.47
πρηνής	with the face downwards	6	0.11	2	0.53	0	0.47
δηθά	for a long time	6	0.11	0	0	1	0.23
σταθμός	a standing place	6	0.11	0	0	1	0.23
δυοκαίδεκα	twelve	6	0.11	3	0.79	1	0.23
ἐπίσταμαι	to know	6	0.11	0	0	1	0.23
ἀλάομαι	to wander	6	0.11	1	0.26	1	0.23
Εὐρύπυλος	Eurypylus	6	0.11	1	0.26	0	0.23
καθύπερθε	from above	6	0.11	0	0	1	0.23
ἔλαιον	olive-oil	6	0.11	0	0	2	0.47
οἴγω	to open	6	0.11	2	0.53	0	0.47
χαμᾶζε	to the ground	6	0.11	1	0.26	0	0.47
ὑφαίνω	to weave	6	0.11	2	0.53	0	0.47
Σκαιαί	NoDef	6	0.11	3	0.79	0	0.47
ἐρεείνω	to ask	6	0.11	2	0.53	0	0.47
Τρωιός	NoDef	6	0.11	2	0.53	0	0.47
πη	[Dor. in some way	6	0.11	3	0.79	0	0.47
βίοτος	life	6	0.11	1	0.26	0	0.47
σκοπιά	a lookout-place	6	0.11	0	0	1	0.23
ἔντοσθε	from within	6	0.11	1	0.26	0	0.23
ἀκοντίζω	to hurl a javelin	6	0.11	0	0	1	0.23
μετέρχομαι	to come	6	0.11	2	0.53	0	0.23
βροτολοιγός	plague of man	6	0.11	0	0	1	0.23
στρέφω	to turn about	6	0.11	1	0.26	0	0.23
γαμβρός	any one connected by marriage	6	0.11	3	0.79	1	0.23
θαῦμα	whatever one regards with wonder	6	0.11	0	0	1	0.23
οὖδας	the surface of the earth	6	0.11	0	0	1	0.23
πεῖραρ	an end	6	0.11	1	0.26	0	0.23
ἀέξω	to increase	6	0.11	1	0.26	0	0.23
ὀιζύς	NoDef	6	0.11	1	0.26	1	0.23
δμωή	a female slave taken in war	6	0.11	3	0.79	2	0.47
ἄπειμι	be absent	6	0.11	1	0.26	1	0.23
ὑλήεις	woody	6	0.11	2	0.53	0	0.23
θεάομαι	to look on	6	0.11	0	0	2	0.47
Λαοδάμας	Laodamas	6	0.11	0	0	5	1.18
τράπεζα	four-legged a table	6	0.11	0	0	1	0.23
τελευτάω	to complete	6	0.11	0	0	1	0.23
δέμνιον	the bedstead	6	0.11	0	0	4	0.94
ἰάλλω	to send forth	6	0.11	0	0	4	0.94
χράω	to fall upon	6	0.11	0	0	2	0.47
ἀλύσκω	to flee from	6	0.11	0	0	1	0.23
ὑψόσε	aloft	6	0.11	0	0	1	0.23
ἀριδείκετος	much shewn	6	0.11	0	0	2	0.47
ἄορ	a hanger	6	0.11	0	0	1	0.23
θαρσέω	to be of good courage	5	0.09	0	0	1	0.23
ἀτιμάω	to dishonour	5	0.09	1	0.26	0	0.23
πίμπλημι	to fill full of	5	0.09	0	0	1	0.23
ἄλλῃ	in another place	5	0.09	0	0	1	0.23
ποθι	anywhere	5	0.09	1	0.26	0	0.23
ἐξαλαπάζω	to sack	5	0.09	0	0	1	0.23
ἀποδίδωμι	to give back	5	0.09	0	0	1	0.23
αἴτιος	to blame	5	0.09	0	0	1	0.23
μητίετα	a counsellor	5	0.09	1	0.26	0	0.23
λόχος	an ambush	5	0.09	1	0.26	1	0.23
οὐτιδανός	of no account	5	0.09	0	0	1	0.23
ἐπιχθόνιος	upon the earth	5	0.09	0	0	1	0.23
ἐπιπλέω	to sail upon	5	0.09	1	0.26	0	0.23
ἀτρύγετος	yielding no harvest	5	0.09	0	0	1	0.23
ἀπήμων	unharmed	5	0.09	0	0	1	0.23
δήν	long	5	0.09	2	0.53	0	0.23
ἔρος	love	5	0.09	0	0	2	0.47
κράτος	strength	5	0.09	1	0.26	0	0.47
ἀλέξω	to ward	5	0.09	1	0.26	0	0.47
Λῆμνος	Lemnos	5	0.09	0	0	3	0.71
ἐλεαίρω	to take pity on	5	0.09	2	0.53	0	0.71
Ἀργειφόντης	slayer of Argus	5	0.09	0	0	1	0.23
αἰσχρός	causing shame	5	0.09	1	0.26	0	0.23
προφέρω	to bring before	5	0.09	1	0.26	1	0.23
αἰδώς	a sense of shame	5	0.09	0	0	3	0.71
ἀμφικαλύπτω	to cover all round	5	0.09	0	0	2	0.47
μετάφρενον	the part behind the midriff	5	0.09	0	0	1	0.23
ἱππόβοτος	grazed by horses	5	0.09	1	0.26	0	0.23
ἐπαινέω	to approve	5	0.09	0	0	1	0.23
πῆ	[Dor. in what way? how?]	5	0.09	1	0.26	0	0.23
ἐναίσιμος	ominous	5	0.09	2	0.53	0	0.23
κακότης	badness	5	0.09	0	0	1	0.23
πέρθω	to waste	5	0.09	1	0.26	0	0.23
ἀδελφός	sons of the same mother	5	0.09	2	0.53	0	0.23
κατακαίω	to burn down	5	0.09	1	0.26	0	0.23
ἵκω	to come to	5	0.09	1	0.26	0	0.23
κόλπος	bosom; gulf	5	0.09	4	1.06	0	0.23
Ἄδρηστος	NoDef	5	0.09	3	0.79	0	0.23
Εὔρυτος	Eurytus	5	0.09	0	0	2	0.47
τρεῖς	three	5	0.09	1	0.26	1	0.23
ἐξαιρέω	to take out of	5	0.09	1	0.26	0	0.23
ἑπτά	seven	5	0.09	1	0.26	0	0.23
Πριαμίδης	son of Priam	5	0.09	1	0.26	0	0.23
νέατος	the last	5	0.09	1	0.26	0	0.23
Γλαῦκος	Glaucus	5	0.09	4	1.06	0	0.23
Ξάνθος	Xanthus (m. of persons and rivers; f. of town)	5	0.09	2	0.53	0	0.23
ἀκήν	softly	5	0.09	0	0	1	0.23
ἐφορμάω	to stir up	5	0.09	1	0.26	0	0.23
ὄχθη	a rising ground	5	0.09	1	0.26	0	0.23
ἐίσκω	NoDef	5	0.09	0	0	1	0.23
ξενίζω	to receive a guest; to surprise	5	0.09	2	0.53	0	0.23
ἄφρων	without sense	5	0.09	0	0	1	0.23
πύξ	with the fist	5	0.09	0	0	3	0.71
Πάρις	Paris son of Priam	5	0.09	3	0.79	0	0.71
ἄλκιμος	strong	5	0.09	2	0.53	0	0.71
ἐπεύχομαι	to pray	5	0.09	1	0.26	0	0.71
ἐκεῖθι	there	5	0.09	0	0	3	0.71
κλειτός	renowned	5	0.09	1	0.26	0	0.71
ἀστερόεις	starred	5	0.09	1	0.26	0	0.71
φίλτατος	NoDef	5	0.09	2	0.53	1	0.23
χάρις	gratitude	5	0.09	0	0	2	0.47
ὀιστεύω	NoDef	5	0.09	0	0	1	0.23
κυδάλιμος	glorious	5	0.09	2	0.53	0	0.23
σίδηρος	iron	5	0.09	1	0.26	0	0.23
ῥύομαι	to draw to oneself	5	0.09	1	0.26	0	0.23
βάζω	to speak	5	0.09	0	0	2	0.47
ἀρέσκω	(to make good	5	0.09	1	0.26	3	0.71
ῥᾴδιος	easy	5	0.09	0	0	1	0.23
ἀνέρχομαι	to go up	5	0.09	1	0.26	0	0.23
σκότος	darkness	5	0.09	1	0.26	0	0.23
Σιμόεις	Simoeis river	5	0.09	1	0.26	0	0.23
μεσηγύ	in the middle	5	0.09	1	0.26	0	0.23
ἰοχέαιρα	arrow-pourer	5	0.09	1	0.26	0	0.23
ἀολλής	all together	5	0.09	0	0	1	0.23
γόνος	that which is begotten	5	0.09	1	0.26	0	0.23
ὑμέτερος	your	5	0.09	0	0	1	0.23
ἕκηλος	at rest	5	0.09	1	0.26	0	0.23
ἠεροειδής	of dark and cloudy look	5	0.09	0	0	1	0.23
τρώς	NoDef	5	0.09	5	1.32	0	0.23
ἀπέχω	to keep off	5	0.09	2	0.53	0	0.23
μυχός	the innermost place	5	0.09	1	0.26	0	0.23
Προῖτος	Proetus	5	0.09	5	1.32	0	0.23
τεκμαίρομαι	to fix by a mark	5	0.09	1	0.26	0	0.23
ἀριπρεπής	very distinguished	5	0.09	1	0.26	3	0.71
λαῖτμα	the depth	5	0.09	0	0	1	0.23
δαιτυμών	one that is entertained	5	0.09	0	0	2	0.47
ἱκέτης	one who comes to seek protection	5	0.09	0	0	1	0.23
φάσκω	to say	5	0.09	0	0	1	0.23
ἀγών	a gathering; a contest	5	0.09	0	0	5	1.18
μέλος	a limb; a phrase of song; a song	5	0.09	0	0	1	0.23
τρίπους	three-footed	5	0.09	0	0	3	0.71
ἀπερείσιος	countless	4	0.07	2	0.53	0	0.71
δηθύνω	to tarry	4	0.07	2	0.53	0	0.71
ἀντιάω	to go for the purpose of meeting	4	0.07	1	0.26	0	0.71
κραίνω	to accomplish	4	0.07	0	0	1	0.23
μετάφημι	to speak among	4	0.07	0	0	1	0.23
χερείων	meaner	4	0.07	0	0	1	0.23
ἄρνυμαι	to receive for oneself	4	0.07	1	0.26	0	0.23
κυνώπης	the dog-eyed	4	0.07	0	0	1	0.23
ποθή	fond desire for	4	0.07	1	0.26	1	0.23
ἀνδροφόνος	man-slaying	4	0.07	2	0.53	0	0.23
ἠγάθεος	very divine	4	0.07	1	0.26	1	0.23
σκηπτοῦχος	bearing a staff	4	0.07	0	0	2	0.47
ἐξάγω	to lead out	4	0.07	0	0	1	0.23
καταρρέζω	to pat with the hand	4	0.07	1	0.26	0	0.23
Ἠετίων	Eetion	4	0.07	3	0.79	0	0.23
ὀνίνημι	to profit	4	0.07	1	0.26	0	0.23
ἄτη	bewilderment	4	0.07	1	0.26	0	0.23
μίνυνθα	a little	4	0.07	0	0	1	0.23
ὀιζυρός	NoDef	4	0.07	0	0	1	0.23
νεύω	to nod	4	0.07	1	0.26	0	0.23
μειδάω	to smile	4	0.07	1	0.26	0	0.23
γέλως	laughter	4	0.07	0	0	3	0.71
ἥλιος	the sun	4	0.07	0	0	1	0.23
ἀμφιγύεις	NoDef	4	0.07	0	0	3	0.71
ἐφάπτω	to bind on	4	0.07	1	0.26	0	0.71
μελίφρων	sweet to the mind	4	0.07	1	0.26	0	0.71
διάκτορος	the Messenger	4	0.07	0	0	2	0.47
βασιλεύω	to be king	4	0.07	1	0.26	0	0.47
πέπων	cooked by the sun	4	0.07	1	0.26	0	0.47
γελάω	to laugh	4	0.07	2	0.53	0	0.47
πτολίπορθος	sacking cities	4	0.07	0	0	1	0.23
ἐπιφράζω	to say besides	4	0.07	0	0	2	0.47
συνάγω	to bring together	4	0.07	1	0.26	0	0.47
σθένος	strength	4	0.07	0	0	1	0.23
ἀίδηλος	NoDef	4	0.07	0	0	1	0.23
παμφανόων	bright-shining	4	0.07	1	0.26	0	0.23
ῥεῖα	easily	4	0.07	1	0.26	0	0.23
νομός	place of pasture; district (nome)	4	0.07	1	0.26	0	0.23
Τελαμών	Telamon	4	0.07	1	0.26	0	0.23
ὅμοιος	like	4	0.07	0	0	1	0.23
Ἐπειός	Epeius	4	0.07	0	0	1	0.23
τρίχα	threefold	4	0.07	0	0	1	0.23
τέμενος	a piece of land cut off	4	0.07	1	0.26	1	0.23
μενεπτόλεμος	staunch in battle	4	0.07	1	0.26	0	0.23
οἰκίον	house	4	0.07	1	0.26	0	0.23
εὐνάω	to lay	4	0.07	0	0	1	0.23
Ἀκάμας	Acamas	4	0.07	1	0.26	0	0.23
ὄρχαμος	the first of a row	4	0.07	1	0.26	0	0.23
ἡμίονος	a half-ass	4	0.07	0	0	1	0.23
προκαλίζομαι	to call forth	4	0.07	0	0	1	0.23
παρειά	the cheek	4	0.07	0	0	2	0.47
ἀλλοδαπός	belonging to another people	4	0.07	0	0	1	0.23
δυσμενής	full of ill-will	4	0.07	1	0.26	1	0.23
τέχνη	art	4	0.07	0	0	2	0.47
πολυβότειρα	much	4	0.07	1	0.26	0	0.47
ἔλπω	to make to hope	4	0.07	0	0	1	0.23
πέπνυμαι	to have breath	4	0.07	0	0	2	0.47
ἄγαμαι	to wonder	4	0.07	0	0	1	0.23
αἶσχος	shame	4	0.07	2	0.53	0	0.23
ἀσπαίρω	to pant	4	0.07	0	0	1	0.23
ἀποφθίνω	to perish utterly	4	0.07	0	0	1	0.23
κνήμη	the part between the knee and ankle	4	0.07	0	0	1	0.23
ἔντεα	fighting gear	4	0.07	1	0.26	0	0.23
κάλλος	beauty	4	0.07	1	0.26	1	0.23
φιλομμειδής	laughter-loving	4	0.07	0	0	1	0.23
νίκη	victory	4	0.07	1	0.26	0	0.23
ἀτέλεστος	without end	4	0.07	0	0	1	0.23
ἀστήρ	star	4	0.07	2	0.53	0	0.23
ναύτης	a sailor	4	0.07	0	0	1	0.23
τέκτων	any worker in wood	4	0.07	1	0.26	0	0.23
πῶμα	a lid	4	0.07	0	0	2	0.47
ἀγελείη	driver of spoil	4	0.07	2	0.53	0	0.47
δαιδάλεος	cunningly	4	0.07	1	0.26	0	0.47
πύματος	hindmost	4	0.07	1	0.26	0	0.47
δαίτη	a feast	4	0.07	0	0	1	0.23
μήστωρ	an adviser	4	0.07	2	0.53	0	0.23
εἴρω	to fasten together in rows	4	0.07	0	0	1	0.23
ἐντίθημι	to put in	4	0.07	1	0.26	0	0.23
ἀποκτείνω	to kill	4	0.07	1	0.26	0	0.23
ἀποσεύω	to chase away	4	0.07	1	0.26	0	0.23
κατάγω	to lead down	4	0.07	1	0.26	0	0.23
ἐναίρω	to slay	4	0.07	2	0.53	0	0.23
φοβέω	to put to flight	4	0.07	2	0.53	0	0.23
ἔθω	be accustomed (see also εἴωθα)	4	0.07	1	0.26	0	0.23
ἐκφέρω	to carry out of	4	0.07	0	0	1	0.23
ἄντυξ	the edge	4	0.07	1	0.26	0	0.23
Λαομέδων	Laomedon	4	0.07	1	0.26	0	0.23
αἰτέω	to ask	4	0.07	1	0.26	0	0.23
καταθνητός	mortal	4	0.07	1	0.26	0	0.23
ὀμόργνυμι	to wipe	4	0.07	0	0	1	0.23
εὔπεπλος	beautifully robed	4	0.07	3	0.79	0	0.23
ἰθύς	straight	4	0.07	1	0.26	1	0.23
μέλινος	NoDef	4	0.07	1	0.26	0	0.23
προτρέπω	to urge forwards	4	0.07	1	0.26	0	0.23
δακρυόεις	tearful	4	0.07	2	0.53	0	0.23
ἀτύζω	NoDef	4	0.07	3	0.79	0	0.23
ἄκρις	a hill-top	4	0.07	1	0.26	0	0.23
δοκέω	seem	4	0.07	2	0.53	1	0.23
ἕκτωρ	holding fast	4	0.07	4	1.06	0	0.23
Ἱππόλοχος	Hippolochus	4	0.07	4	1.06	0	0.23
τηλεθάω	luxuriant-growing	4	0.07	1	0.26	0	0.23
αἴθω	to light up	4	0.07	1	0.26	0	0.23
ξεινήιον	NoDef	4	0.07	1	0.26	1	0.23
αἴθουσα	the corridor	4	0.07	1	0.26	1	0.23
εἰσάγω	to lead in	4	0.07	1	0.26	0	0.23
εὐχετάομαι	to pray	4	0.07	1	0.26	1	0.23
ἀτερπής	unpleasing	4	0.07	1	0.26	0	0.23
μόρος	man's appointed doom	4	0.07	1	0.26	0	0.23
Ἀνδρομάχη	Andromache	4	0.07	4	1.06	0	0.23
ἀγακλυτός	NoDef	4	0.07	1	0.26	1	0.23
πρόθυρον	the front-door	4	0.07	0	0	2	0.47
ἐκπεράω	to go out over	4	0.07	0	0	1	0.23
νόημα	that which is perceived	4	0.07	0	0	2	0.47
Ναυσίθοος	Nausithous	4	0.07	0	0	1	0.23
λεπτός	(husked	4	0.07	0	0	1	0.23
ἐπηετανός	sufficient the whole year through	4	0.07	0	0	1	0.23
ὄλβιος	happy	4	0.07	0	0	1	0.23
κυλίνδω	to roll	4	0.07	0	0	1	0.23
φιλήρετμος	loving the oar	4	0.07	0	0	3	0.71
ἐξέρχομαι	to go out	4	0.07	0	0	1	0.23
ἥβη	manhood	4	0.07	0	0	2	0.47
ἀρετή	goodness	4	0.07	0	0	3	0.71
κόπτω	to strike	4	0.07	0	0	2	0.47
πιέζω	to press	4	0.07	0	0	1	0.23
χρίω	to touch on the surface: to rub	4	0.07	0	0	2	0.47
κάλλιμος	beautiful	4	0.07	0	0	1	0.23
ἀσπάσιος	welcome	4	0.07	0	0	1	0.23
βλέφαρον	mostly in pl. the eyelids	4	0.07	0	0	1	0.23
προιάπτω	NoDef	3	0.05	1	0.26	0	0.23
ἀτιμάζω	to hold in no honour	3	0.05	0	0	1	0.23
πολύφλοισβος	loud-roaring	3	0.05	1	0.26	0	0.23
ὁμηγερής	assembled	3	0.05	0	0	1	0.23
παρέρχομαι	to go by	3	0.05	0	0	1	0.23
ἄντην	against	3	0.05	0	0	2	0.47
ἔνδοθι	within	3	0.05	1	0.26	1	0.23
ἀπείρων	without experience	3	0.05	0	0	1	0.23
ἐγγυαλίζω	to put into the palm of the hand	3	0.05	0	0	1	0.23
κεύθω	to cover quite up	3	0.05	0	0	1	0.23
ἑκατηβόλος	far-shooting	3	0.05	0	0	1	0.23
ὑπολύω	to loosen beneath	3	0.05	1	0.26	0	0.23
πάμπαν	quite	3	0.05	0	0	1	0.23
Ἑκάεργος	the far-working	3	0.05	0	0	1	0.23
ἀνάγω	to lead up; mid. set sail	3	0.05	1	0.26	0	0.23
ὑψοῦ	aloft	3	0.05	1	0.26	1	0.23
κυδιάνειρα	glorifying	3	0.05	1	0.26	0	0.23
χαίτη	long	3	0.05	1	0.26	0	0.23
ἐπιεικής	fitting	3	0.05	0	0	1	0.23
παρεῖπον	to persuade by indirect means	3	0.05	2	0.53	0	0.23
πράσσω	do	3	0.05	0	0	1	0.23
ἀμφικύπελλος	double	3	0.05	1	0.26	1	0.23
ἄσβεστος	unquenchable	3	0.05	0	0	1	0.23
ἐνόρνυμι	to arouse	3	0.05	1	0.26	1	0.23
πραπίδες	the midriff	3	0.05	0	0	1	0.23
καθεύδω	to lie down to sleep	3	0.05	0	0	1	0.23
φόως	light	3	0.05	1	0.26	0	0.23
ἀρτύνω	to arrange	3	0.05	0	0	1	0.23
πολυκλήις	NoDef	3	0.05	0	0	1	0.23
ἕδρα	a sitting-place	3	0.05	0	0	1	0.23
ὁμοκλέω	to call out together	3	0.05	1	0.26	0	0.23
χωλός	lame	3	0.05	0	0	2	0.47
χατίζω	to have need of	3	0.05	0	0	1	0.23
κερτομέω	to taunt	3	0.05	0	0	1	0.23
δράκων	dragon	3	0.05	1	0.26	0	0.23
ὀκτώ	eight	3	0.05	0	0	1	0.23
ἐλεεινός	finding pity	3	0.05	0	0	2	0.47
εὔξοος	with polished haft	3	0.05	0	0	1	0.23
μέλαθρον	roof beam	3	0.05	0	0	1	0.23
ἄρρηκτος	unbroken	3	0.05	0	0	1	0.23
λάθρῃ	secretly	3	0.05	0	0	1	0.23
ἀμφιέπω	to go about	3	0.05	0	0	1	0.23
αἰπεινός	high	3	0.05	1	0.26	0	0.23
ἐκλανθάνω	to escape notice utterly	3	0.05	1	0.26	0	0.23
Οἰνεύς	Oeneus	3	0.05	2	0.53	0	0.23
Ἐφύρα	Ephyra	3	0.05	2	0.53	0	0.23
Φιλοκτήτης	Philoctetes	3	0.05	0	0	1	0.23
δίσκος	discus	3	0.05	0	0	2	0.47
ἄκριτος	undistinguishable	3	0.05	0	0	1	0.23
Αἴσηπος	son of Abarbarea and Bucolion; name of a river	3	0.05	1	0.26	0	0.23
Ἀρίσβη	NoDef	3	0.05	1	0.26	0	0.23
κεραίζω	NoDef	3	0.05	0	0	1	0.23
ἀλεείνω	to avoid	3	0.05	2	0.53	0	0.23
τρόμος	a trembling	3	0.05	1	0.26	0	0.23
ἑκών	willing	3	0.05	1	0.26	0	0.23
ἀρχή	a beginning	3	0.05	0	0	1	0.23
γάλοως	a husband's sister	3	0.05	2	0.53	0	0.23
ἀργεννός	white	3	0.05	1	0.26	0	0.23
νέμεσις	distribution of what is due;	3	0.05	2	0.53	0	0.23
πηός	a kinsman by marriage	3	0.05	0	0	1	0.23
δαήρ	a husband's brother	3	0.05	2	0.53	0	0.23
ἐκχέω	to pour out	3	0.05	0	0	2	0.47
χαμάδις	to the ground	3	0.05	1	0.26	0	0.47
Ἀΐδης	[poet. > ᾍδης]	3	0.05	2	0.53	0	0.47
λόφος	neck	3	0.05	1	0.26	0	0.47
ξεινοδόκος	NoDef	3	0.05	0	0	2	0.47
φάλος	horn of a helmet	3	0.05	1	0.26	0	0.47
ἱπποδάσεια	bushy with horse-hair	3	0.05	1	0.26	0	0.47
ὑποστρέφω	to turn round about	3	0.05	0	0	1	0.23
οἶτος	fate	3	0.05	0	0	2	0.47
ἀπεχθάνομαι	to be hated	3	0.05	2	0.53	0	0.47
ἐλέφας	the elephant	3	0.05	0	0	1	0.23
ἄγαλμα	a glory	3	0.05	0	0	1	0.23
σφυρόν	the ankle	3	0.05	1	0.26	0	0.23
χάσκω	yawn	3	0.05	1	0.26	0	0.23
τέτμον	to overtake	3	0.05	2	0.53	0	0.23
ψεύδω	to cheat by lies	3	0.05	1	0.26	0	0.23
ἄκρα	a headland	3	0.05	1	0.26	1	0.23
σύνειμι	be with (incl. be wife of	3	0.05	1	0.26	0	0.23
ἰθύω	to go straight	3	0.05	1	0.26	0	0.23
θάρσος	courage	3	0.05	1	0.26	0	0.23
διδάσκω	to teach	3	0.05	0	0	2	0.47
Θεανώ	Theano	3	0.05	2	0.53	0	0.47
ἰσχανάω	to hold back	3	0.05	0	0	1	0.23
παλάσσω	to besprinkle	3	0.05	1	0.26	0	0.23
ἀγρός	fields	3	0.05	0	0	1	0.23
μετοίχομαι	to have gone after	3	0.05	0	0	2	0.47
ποιητός	made	3	0.05	0	0	1	0.23
πάσσαλος	a peg	3	0.05	0	0	2	0.47
ἀγκύλος	crooked	3	0.05	2	0.53	0	0.47
ἄλλως	in another way	3	0.05	0	0	1	0.23
κραιπνός	rapid	3	0.05	1	0.26	1	0.23
φάτνη	a manger	3	0.05	1	0.26	0	0.23
ἄατος	insatiate	3	0.05	1	0.26	0	0.23
Πέργαμος	Pergamus	3	0.05	1	0.26	0	0.23
τηλεκλειτός	far-famed	3	0.05	1	0.26	0	0.23
ἐφίστημι	to set on	3	0.05	1	0.26	0	0.23
Ἡρακλέης	NoDef	3	0.05	0	0	1	0.23
ἀγυιά	NoDef	3	0.05	1	0.26	0	0.23
Ἅλιος	Halius	3	0.05	0	0	2	0.47
χαλκοκορυστής	armed	3	0.05	2	0.53	0	0.47
αἴσιμος	fatal	3	0.05	1	0.26	1	0.23
ἦνις	a year old	3	0.05	3	0.79	0	0.23
ἤκεστος	untouched by the goad	3	0.05	3	0.79	0	0.23
ἐπουράνιος	in heaven	3	0.05	3	0.79	0	0.23
Διόνυσος	Dionysus	3	0.05	2	0.53	0	0.23
τιθήνη	a nurse	3	0.05	3	0.79	0	0.23
Σίσυφος	the crafty.)	3	0.05	2	0.53	0	0.23
ἥμισυς	half	3	0.05	1	0.26	0	0.23
αἰσχύνω	to make ugly	3	0.05	1	0.26	1	0.23
παλαιός	old in years	3	0.05	1	0.26	1	0.23
δέμω	to build	3	0.05	2	0.53	0	0.23
δώδεκα	twelve	3	0.05	1	0.26	1	0.23
μύρω	to flow	3	0.05	1	0.26	0	0.23
ἁμός	our	3	0.05	1	0.26	0	0.23
εἰλίπους	rolling in their gait	3	0.05	1	0.26	1	0.23
ἐρινεός	the wild fig-tree	3	0.05	1	0.26	0	0.23
ῥίμφα	lightly	3	0.05	1	0.26	1	0.23
Ναυσικάα	Nausicaa	3	0.05	0	0	2	0.47
ναυσικλυτός	famed for ships	3	0.05	0	0	2	0.47
Ποντόνοος	Pontonous	3	0.05	0	0	1	0.23
δολόεις	subtle	3	0.05	0	0	1	0.23
δεῦτε	hither! come on! come here!	3	0.05	0	0	3	0.71
ἑσπέριος	in the evening	3	0.05	0	0	1	0.23
ἀργιόδους	white-toothed	3	0.05	0	0	2	0.47
ὄνειαρ	anything that profits	3	0.05	0	0	2	0.47
ἑτοῖμος	at hand	3	0.05	0	0	3	0.71
κορέννυμι	to sate	3	0.05	0	0	1	0.23
λαοδάμας	man-taming	3	0.05	0	0	3	0.71
ἀλαός	blind	3	0.05	0	0	1	0.23
τοξάζομαι	to shoot with a bow	3	0.05	0	0	3	0.71
θερμός	hot	3	0.05	0	0	2	0.47
γέγωνα	to call out so as to be heard	3	0.05	0	0	1	0.23
ἕδνον	a wedding-gift	3	0.05	0	0	1	0.23
γαιήοχος	earth-upholding	3	0.05	0	0	2	0.47
χρέος	that which one needs must pay	3	0.05	0	0	2	0.47
ἰαίνω	to heat	3	0.05	0	0	1	0.23
ἀσάμινθος	a bathing-tub	3	0.05	0	0	2	0.47
τέγος	a roof	3	0.05	0	0	1	0.23
τῆ	take	3	0.05	0	0	1	0.23
ἀποπλάζω	to lead astray from	3	0.05	0	0	1	0.23
οἰωνοπόλος	one busied with the flight and cries of birds	2	0.03	1	0.26	0	0.23
συντίθημι	to put together	2	0.03	1	0.26	0	0.23
θεοπρόπιον	a prophecy	2	0.03	1	0.26	0	0.23
ἀπολύω	to loose from	2	0.03	1	0.26	0	0.23
οἴκοι	at home	2	0.03	0	0	1	0.23
ποδάρκης	sufficient with the feet	2	0.03	1	0.26	0	0.23
θεοείκελος	godlike	2	0.03	0	0	1	0.23
λωίων	NoDef	2	0.03	1	0.26	0	0.23
ἀθερίζω	to slight	2	0.03	0	0	1	0.23
Δρύας	Dryas	2	0.03	1	0.26	0	0.23
ὀτρηρός	quick	2	0.03	1	0.26	0	0.23
βένθος	the depth	2	0.03	0	0	1	0.23
ἐπαυρέω	to partake of	2	0.03	1	0.26	0	0.23
χαλκοβατής	standing on brass	2	0.03	0	0	1	0.23
εὔζωνος	well-girdled	2	0.03	1	0.26	0	0.23
κρυπτάδιος	secret	2	0.03	1	0.26	0	0.23
κλυτοτέχνης	famous for his art	2	0.03	0	0	1	0.23
δαίτης	priest who divided the victims	2	0.03	0	0	1	0.23
Σίντιες	the Sintians	2	0.03	0	0	1	0.23
ἐπενήνοθε	grew upon	2	0.03	0	0	1	0.23
ἰδνόομαι	to bend oneself	2	0.03	0	0	1	0.23
χήρα	bereft of a husband	2	0.03	1	0.26	0	0.23
ἄελλα	a stormy wind	2	0.03	0	0	1	0.23
τοσοῦτος	so large	2	0.03	0	0	1	0.23
νηπίαχος	infantine	2	0.03	1	0.26	0	0.23
ἀναβάλλω	(to throw up;) strike up (a song); delay	2	0.03	0	0	1	0.23
ἑκατόμβοιος	worth a hundred beeves	2	0.03	1	0.26	0	0.23
εἰσαναβαίνω	to go up to	2	0.03	1	0.26	0	0.23
Ναυβολίδης	NoDef	2	0.03	0	0	1	0.23
κυδιάω	to bear oneself proudly	2	0.03	1	0.26	0	0.23
Οἰχαλία	Oechalia; name of cities in Thessaly	2	0.03	0	0	1	0.23
Ὑπέρεια	NoDef	2	0.03	1	0.26	0	0.23
Πολυποίτης	Polypoetes	2	0.03	1	0.26	0	0.23
Περκώσιος	NoDef	2	0.03	1	0.26	0	0.23
καγχαλάω	to laugh aloud	2	0.03	1	0.26	0	0.23
χάρμα	(a source of) joy	2	0.03	1	0.26	0	0.23
κίθαρις	cithara	2	0.03	0	0	1	0.23
λάινος	NoDef	2	0.03	0	0	1	0.23
τιτύσκομαι	to make	2	0.03	0	0	1	0.23
ἄριστον	the morning meal	2	0.03	1	0.26	0	0.23
Λαοδίκη	Laodice	2	0.03	1	0.26	0	0.23
τήκω	to melt	2	0.03	0	0	1	0.23
Ἀμαζών	the Amazons	2	0.03	1	0.26	0	0.23
ἀντιάνειρα	a match for men	2	0.03	1	0.26	0	0.23
διέρχομαι	to go through	2	0.03	1	0.26	0	0.23
ἀειγενέτης	everlasting	2	0.03	1	0.26	0	0.23
πημαίνω	to bring into misery	2	0.03	0	0	1	0.23
ἵππουρις	horse-tailed	2	0.03	1	0.26	0	0.23
παρέχω	to furnish	2	0.03	0	0	1	0.23
λαπάρα	the soft part of the body	2	0.03	1	0.26	0	0.23
κηώεις	NoDef	2	0.03	1	0.26	0	0.23
Τρῳάς	NoDef	2	0.03	1	0.26	0	0.23
προκαλέω	to call forth	2	0.03	0	0	1	0.23
ἐγγίγνομαι	to be born or bred in; be innate	2	0.03	1	0.26	0	0.23
ἐυμμελίης	NoDef	2	0.03	1	0.26	0	0.23
μεγαίρω	to look on	2	0.03	0	0	1	0.23
πρέσβυς	an old man; pl. ambassadors	2	0.03	1	0.26	0	0.23
λεαίνω	to smooth	2	0.03	0	0	1	0.23
φοῖνιξ	a purple-red	2	0.03	1	0.26	0	0.23
ἠνορέη	manhood	2	0.03	1	0.26	0	0.23
ἀντάω	to come opposite to	2	0.03	1	0.26	0	0.23
λάμπω	to give light	2	0.03	1	0.26	0	0.23
ὀμφαλόεις	having a navel	2	0.03	1	0.26	0	0.23
μέτωπον	the space between the eyes	2	0.03	1	0.26	0	0.23
θυμαλγής	heart-grieving	2	0.03	0	0	1	0.23
ἀποπνέω	to breathe forth	2	0.03	1	0.26	0	0.23
ἀγχίμολος	coming near	2	0.03	0	0	1	0.23
ὄνομαι	to blame	2	0.03	0	0	1	0.23
παμφαίνω	to shine	2	0.03	1	0.26	0	0.23
Τυδεΐδης	son of Tydeus	2	0.03	1	0.26	0	0.23
καταμάρπτω	to catch	2	0.03	1	0.26	0	0.23
πύκα	thickly	2	0.03	0	0	1	0.23
Θόων	Thoon	2	0.03	0	0	1	0.23
κτέαρ	NoDef	2	0.03	1	0.26	0	0.23
ἀλυσκάζω	to shun	2	0.03	1	0.26	0	0.23
ἄρτιος	suitable	2	0.03	0	0	1	0.23
Χάρις	Charis	2	0.03	0	0	1	0.23
οἰκεύς	an inmate of one's house	2	0.03	1	0.26	0	0.23
διδυμάων	twin-brothers	2	0.03	1	0.26	0	0.23
Ἀγχίαλος	Anchialus	2	0.03	0	0	1	0.23
λάξ	with the foot	2	0.03	1	0.26	0	0.23
ἐρίγδουπος	loud-thundering	2	0.03	0	0	1	0.23
ἐπαμύνω	to come to aid	2	0.03	1	0.26	0	0.23
φηγός	oak; acorn	2	0.03	1	0.26	0	0.23
ζωγρέω	to take alive	2	0.03	1	0.26	0	0.23
Ἕλενος	Helenus	2	0.03	1	0.26	0	0.23
θοῦρις	with which one rushes to the fight	2	0.03	1	0.26	0	0.23
κύκλος	a ring	2	0.03	0	0	1	0.23
ῥυμός	the pole of a carriage	2	0.03	1	0.26	0	0.23
Θῆβαι	Thebes (usu. plural)	2	0.03	1	0.26	0	0.23
ἐπιεικτός	yielding	2	0.03	0	0	1	0.23
Πήδασος	pr. n.	2	0.03	2	0.53	0	0.23
Βουκολίων	Bucolion	2	0.03	2	0.53	0	0.23
ποιμαίνω	to be shepherd	2	0.03	1	0.26	0	0.23
ὑποκύομαι	NoDef	2	0.03	1	0.26	0	0.23
ᾗ	which way	2	0.03	1	0.26	0	0.23
τροχός	wheel	2	0.03	1	0.26	0	0.23
ἄξιος	worthy	2	0.03	1	0.26	1	0.23
κειμήλιον	a treasure	2	0.03	1	0.26	0	0.23
Δαναός	king of Argos	2	0.03	1	0.26	0	0.23
ἔναρα	the arms and trappings of a slain foe	2	0.03	2	0.53	0	0.23
ἔξεστι	it is allowed	2	0.03	1	0.26	0	0.23
φέριστος	NoDef	2	0.03	1	0.26	0	0.23
Λυκόοργος	Lycurgus	2	0.03	2	0.53	0	0.23
ἀπολήγω	to leave off	2	0.03	1	0.26	0	0.23
Αἰολίδης	son of Aeolus	2	0.03	1	0.26	0	0.23
σεβάζομαι	to be afraid of	2	0.03	2	0.53	0	0.23
πίναξ	a board	2	0.03	1	0.26	0	0.23
θυμοφθόρος	destroying the soul	2	0.03	1	0.26	0	0.23
πενθερός	a father-in-law	2	0.03	1	0.26	1	0.23
Σόλυμοι	Solymi	2	0.03	2	0.53	0	0.23
κατερύκω	to hold back	2	0.03	2	0.53	0	0.23
Ἴσανδρος	Isander	2	0.03	2	0.53	0	0.23
Λαοδάμεια	Laodamia	2	0.03	2	0.53	0	0.23
παραλέγω	to lay beside	2	0.03	1	0.26	0	0.23
κατέδω	to eat up	2	0.03	1	0.26	0	0.23
πάτος	a trodden or beaten way	2	0.03	1	0.26	0	0.23
χρυσήνιος	with reins of gold	2	0.03	1	0.26	1	0.23
ἀριστεύω	to be best	2	0.03	2	0.53	0	0.23
ἐπαμείβω	to exchange	2	0.03	2	0.53	0	0.23
ἔτης	clansmen	2	0.03	2	0.53	0	0.23
μνηστός	wooed and won	2	0.03	1	0.26	0	0.23
θρασύς	bold	2	0.03	1	0.26	0	0.23
ἀολλίζω	to gather together	2	0.03	2	0.53	0	0.23
εὐπατέρεια	daughter of a noble sire	2	0.03	1	0.26	0	0.23
Ἑκάβη	Hecabe	2	0.03	2	0.53	0	0.23
ἐγγύθι	hard by	2	0.03	1	0.26	0	0.23
ἕπω	to be about	2	0.03	1	0.26	1	0.23
ἐπιμένω	to stay on	2	0.03	1	0.26	0	0.23
ὑπότροπος	returning	2	0.03	2	0.53	0	0.23
εἰνάτερες	sisters-in-law	2	0.03	2	0.53	0	0.23
ἐξοίχομαι	to have gone out	2	0.03	2	0.53	0	0.23
ἀφικάνω	to arrive at	2	0.03	1	0.26	0	0.23
Πλάκος	a mountain above the city of Thebe	2	0.03	2	0.53	0	0.23
Κίλιξ	a Cilician	2	0.03	2	0.53	0	0.23
ἀλίγκιος	resembling	2	0.03	1	0.26	1	0.23
φυτεύω	to plant	2	0.03	1	0.26	0	0.23
ἀναβατός	to be mounted	2	0.03	1	0.26	0	0.23
ἐλεύθερος	free	2	0.03	2	0.53	0	0.23
προφεύγω	to flee forwards	2	0.03	1	0.26	0	0.23
ἀπορρήγνυμι	to break off	2	0.03	1	0.26	0	0.23
χώρα	land	2	0.03	1	0.26	1	0.23
ἐσθής	dress	2	0.03	0	0	1	0.23
τοιγάρ	so then	2	0.03	0	0	1	0.23
τελέθω	to come into being	2	0.03	0	0	1	0.23
ἀτάσθαλος	presumptuous	2	0.03	0	0	1	0.23
τεχνήεις	cunningly wrought	2	0.03	0	0	1	0.23
δορπέω	to take supper	2	0.03	0	0	1	0.23
καταδαρθάνω	to fall asleep	2	0.03	0	0	1	0.23
τετίημαι	to be sorrowful	2	0.03	0	0	1	0.23
παίζω	to play like a child	2	0.03	0	0	1	0.23
ἀσπαστός	welcome	2	0.03	0	0	1	0.23
Λαέρτης	Laertes	2	0.03	0	0	1	0.23
ἀλεγύνω	to care for	2	0.03	0	0	1	0.23
ἀρνέομαι	to deny	2	0.03	0	0	2	0.47
ὁρμίζω	to bring to a safe anchorage	2	0.03	0	0	1	0.23
κίων	a pillar	2	0.03	0	0	2	0.47
κρεμάννυμι	to hang	2	0.03	0	0	2	0.47
κάνεον	a basket of reed	2	0.03	0	0	1	0.23
πρόκειμαι	to be set before one	2	0.03	0	0	2	0.47
οἴμη	a song	2	0.03	0	0	2	0.47
δηριάομαι	to contend	2	0.03	0	0	2	0.47
θάλεια	blooming	2	0.03	0	0	2	0.47
φαίαξ	conduit	2	0.03	0	0	2	0.47
περιγίγνομαι	to be superior to; to survive	2	0.03	0	0	2	0.47
παλαισμοσύνη	wrestling	2	0.03	0	0	2	0.47
ἅλμα	a spring	2	0.03	0	0	2	0.47
Ἐλατρεύς	NoDef	2	0.03	0	0	2	0.47
Ἀμφίαλος	Amphialus	2	0.03	0	0	2	0.47
Κλυτόνηος	Clytoneus	2	0.03	0	0	2	0.47
ἀποκαίνυμαι	to surpass	2	0.03	0	0	2	0.47
προφερής	carried before	2	0.03	0	0	2	0.47
δαήμων	knowing	2	0.03	0	0	2	0.47
θαμίζω	to come often	2	0.03	0	0	2	0.47
μορφή	form	2	0.03	0	0	1	0.23
ἀποφώλιος	empty	2	0.03	0	0	1	0.23
βομβέω	to make a booming	2	0.03	0	0	1	0.23
δολιχήρετμος	long-oared	2	0.03	0	0	2	0.47
ἀμφαφάω	to touch	2	0.03	0	0	2	0.47
μεταφωνέω	to speak among	2	0.03	0	0	1	0.23
κολούω	to cut short	2	0.03	0	0	1	0.23
ἀναίνομαι	to reject with contempt	2	0.03	0	0	1	0.23
κομιδή	attendance	2	0.03	0	0	2	0.47
λουτρόν	a bath	2	0.03	0	0	2	0.47
βητάρμων	a dancer	2	0.03	0	0	2	0.47
εὐστέφανος	well-crowned	2	0.03	0	0	2	0.47
βυσσοδομεύω	to build in the deep	2	0.03	0	0	1	0.23
λέκτρον	a couch	2	0.03	0	0	2	0.47
πολύφρων	much-thinking	2	0.03	0	0	2	0.47
βραδύς	slow	2	0.03	0	0	2	0.47
μουνάξ	singly	2	0.03	0	0	1	0.23
ὀρχέομαι	to dance in a row	2	0.03	0	0	2	0.47
σφαῖρα	a ball	2	0.03	0	0	2	0.47
πουλυβότειρα	NoDef	2	0.03	0	0	1	0.23
ἐυπλυνής	NoDef	2	0.03	0	0	2	0.47
τάλαντον	a balance	2	0.03	0	0	1	0.23
τιμήεις	honoured	2	0.03	0	0	1	0.23
παγχάλκεος	all-brazen	2	0.03	0	0	1	0.23
χηλός	a large chest	2	0.03	0	0	2	0.47
θέρμω	to heat	2	0.03	0	0	2	0.47
κήλεος	burning	2	0.03	0	0	1	0.23
ποτιπτύσσω	NoDef	2	0.03	0	0	1	0.23
δουράτεος	of planks	2	0.03	0	0	2	0.47
ἀκρόπολις	the upper city	2	0.03	0	0	2	0.47
ἱππόθεν	forth from the horse	2	0.03	0	0	1	0.23
αἰπός	high	2	0.03	0	0	1	0.23
τολμάω	to undertake	2	0.03	0	0	1	0.23
λίγα	in loud clear tone	2	0.03	0	0	1	0.23
εἴβω	to drop	2	0.03	0	0	1	0.23
ῥαίω	to break	2	0.03	0	0	1	0.23
δίκαιος	just	2	0.03	0	0	1	0.23
φιλόξενος	loving strangers	2	0.03	0	0	1	0.23
θεουδής	fearing God	2	0.03	0	0	1	0.23
ἐπικλώθω	to spin to	2	0.03	0	0	1	0.23
κήδιστος	most worthy of our care	2	0.03	0	0	1	0.23
οἰόομαι	to be left alone	1	0.01	1	0.26	0	0.23
Ἐΰσσωρος	NoDef	1	0.01	1	0.26	0	0.23
Ἄξυλος	NoDef	1	0.01	1	0.26	0	0.23
Τευθρανίδης	NoDef	1	0.01	1	0.26	0	0.23
ἀρκέω	to ward off; to be sufficient	1	0.01	1	0.26	0	0.23
ὑπαντιάζω	to come	1	0.01	1	0.26	0	0.23
καλήσιος	NoDef	1	0.01	1	0.26	0	0.23
τόθι	there	1	0.01	1	0.26	0	0.23
ὑφηνίοχος	the charioteer	1	0.01	1	0.26	0	0.23
Δρῆσον	NoDef	1	0.01	1	0.26	0	0.23
Ὀφέλτιος	Opheltius	1	0.01	1	0.26	0	0.23
Ναιάς	NoDef	1	0.01	1	0.26	0	0.23
Ἀβαρβαρέη	a Trojan fountain nymph	1	0.01	1	0.26	0	0.23
σκότιος	dark	1	0.01	1	0.26	0	0.23
Μηκιστηι	NoDef	1	0.01	1	0.26	0	0.23
Ἀστύαλος	Astyalus	1	0.01	1	0.26	0	0.23
Πιδύτης	Pidytes	1	0.01	1	0.26	0	0.23
Τεῦκρος	Teucer	1	0.01	1	0.26	0	0.23
Ἀρετάων	a Trojan	1	0.01	1	0.26	0	0.23
Ἄβληρος	a Trojan	1	0.01	1	0.26	0	0.23
Νεστορίδης	son of Nestor	1	0.01	1	0.26	0	0.23
Ἔλατος	NoDef	1	0.01	1	0.26	0	0.23
Σατνιόεις	Satnioeis	1	0.01	1	0.26	0	0.23
ἐυρρείτης	NoDef	1	0.01	1	0.26	0	0.23
Φύλακος	Phylacus	1	0.01	1	0.26	0	0.23
Λήῖτος	NoDef	1	0.01	1	0.26	0	0.23
Μελάνθιος	Melanthius	1	0.01	1	0.26	0	0.23
βλάπτω	to disable	1	0.01	1	0.26	0	0.23
μυρίκινος	tamarisk	1	0.01	1	0.26	0	0.23
ἐκκυλίνδω	to roll out	1	0.01	1	0.26	0	0.23
πολύκμητος	much-wrought	1	0.01	1	0.26	0	0.23
ἄποινος	without wine	1	0.01	1	0.26	0	0.23
ἐξαπόλλυμι	to destroy utterly	1	0.01	1	0.26	0	0.23
ἀκήδεστος	uncared for	1	0.01	1	0.26	0	0.23
ἄφαντος	made invisible	1	0.01	1	0.26	0	0.23
ἀνατρέπω	to turn up	1	0.01	1	0.26	0	0.23
ἐκσπάω	to draw out	1	0.01	1	0.26	0	0.23
῎ἄρης	NoDef	1	0.01	1	0.26	0	0.23
ἐπιβάλλω	to throw	1	0.01	1	0.26	0	0.23
ἀνάλκεια	want of strength	1	0.01	1	0.26	0	0.23
ἐγκλίνω	to bend in	1	0.01	1	0.26	0	0.23
ἀναγκαίη	NoDef	1	0.01	1	0.26	0	0.23
ἰσοφαρίζω	to match oneself with	1	0.01	1	0.26	0	0.23
ὑποχωρέω	to go back	1	0.01	1	0.26	0	0.23
βουλευτής	a councillor	1	0.01	1	0.26	0	0.23
δέρμα	the skin	1	0.01	1	0.26	0	0.23
προβαίνω	to step on	1	0.01	1	0.26	0	0.23
Νῦσα	Nysa	1	0.01	1	0.26	0	0.23
θύσθλα	the implements of Bacchus	1	0.01	1	0.26	0	0.23
βουπλήξ	an ox-goad	1	0.01	1	0.26	0	0.23
ὑποδέχομαι	to receive	1	0.01	1	0.26	0	0.23
ὁμοκλή	a joint call;	1	0.01	1	0.26	0	0.23
ὀδύσσομαι	to be wroth against	1	0.01	1	0.26	0	0.23
τυφλός	blind	1	0.01	1	0.26	0	0.23
ἔαρ	spring	1	0.01	1	0.26	0	0.23
ἐπιγίγνομαι	to be born after	1	0.01	1	0.26	0	0.23
ἐπιμαίνομαι	NoDef	1	0.01	1	0.26	0	0.23
Ἄντεια	wife of Proetus	1	0.01	1	0.26	0	0.23
ἐγώγε	NoDef	1	0.01	1	0.26	0	0.23
γράφω	to scratch	1	0.01	1	0.26	0	0.23
πτυκτός	folded	1	0.01	1	0.26	0	0.23
ἀνώγω	NoDef	1	0.01	1	0.26	0	0.23
παραδείκνυμι	to exhibit side by side	1	0.01	1	0.26	0	0.23
Χίμαιρα	Chimaera	1	0.01	1	0.26	0	0.23
ἀμαιμάκετος	irresistible	1	0.01	1	0.26	0	0.23
χίμαιρα	a she-goat	1	0.01	1	0.26	0	0.23
βασιληίς	NoDef	1	0.01	1	0.26	0	0.23
φυταλιά	planted place	1	0.01	1	0.26	0	0.23
Ἀλήιον	NoDef	1	0.01	1	0.26	0	0.23
ὑπέροχος	prominent	1	0.01	1	0.26	0	0.23
καταπήγνυμι	to stick fast in the ground	1	0.01	1	0.26	0	0.23
λυκία	NoDef	1	0.01	1	0.26	0	0.23
πιστόω	to make trustworthy	1	0.01	1	0.26	0	0.23
ἐννεάβοιος	worth nine beeves	1	0.01	1	0.26	0	0.23
ἐνέζομαι	to have one's abode in	1	0.01	1	0.26	0	0.23
κουρά	a shearing	1	0.01	1	0.26	0	0.23
ἔνδοθεν	from within	1	0.01	1	0.26	0	0.23
τέγεος	at or near the roof	1	0.01	1	0.26	0	0.23
ἠπιόδωρος	soothing by gifts	1	0.01	1	0.26	0	0.23
δυσώνυμος	bearing an ill name	1	0.01	1	0.26	0	0.23
ἀπογυιόω	to deprive	1	0.01	1	0.26	0	0.23
ἄνιπτος	unwashen	1	0.01	1	0.26	0	0.23
λύθρον	defilement from blood	1	0.01	1	0.26	0	0.23
θύος	a sacrifice	1	0.01	1	0.26	0	0.23
βλώσκω	to go	1	0.01	1	0.26	0	0.23
παμποίκιλος	all-variegated	1	0.01	1	0.26	0	0.23
Σιδόνιος	of Sidon	1	0.01	1	0.26	0	0.23
Σιδονίηθεν	from Sidon	1	0.01	1	0.26	0	0.23
ποίκιλμα	a broidered stuff	1	0.01	1	0.26	0	0.23
ἀπολάμπω	to shine	1	0.01	1	0.26	0	0.23
μετασσεύομαι	NoDef	1	0.01	1	0.26	0	0.23
Κισσηΐς	daughter of Cisses	1	0.01	1	0.26	0	0.23
ἱέρεια	a priestess	1	0.01	1	0.26	0	0.23
ὀλολυγή	any loud cry	1	0.01	1	0.26	0	0.23
ἐρυσίπτολις	protecting the city	1	0.01	1	0.26	0	0.23
ἀνανεύω	to throw the head back	1	0.01	1	0.26	0	0.23
ἑνδεκάπηχυς	eleven cubits long	1	0.01	1	0.26	0	0.23
πόρκης	a ping	1	0.01	1	0.26	0	0.23
ἁφάω	to handle	1	0.01	1	0.26	0	0.23
ἀμφιδαίω	to burn	1	0.01	1	0.26	0	0.23
θέρω	to heat	1	0.01	1	0.26	0	0.23
κακομήχανος	mischief plotting	1	0.01	1	0.26	0	0.23
ὀκρυόεις	chilling	1	0.01	1	0.26	0	0.23
ἀπόερσε	swept away	1	0.01	1	0.26	0	0.23
ἀοίδιμος	sung of	1	0.01	1	0.26	0	0.23
ἀμφίπιλος	NoDef	1	0.01	1	0.26	0	0.23
ἀληθής	unconcealed	1	0.01	1	0.26	0	0.23
διέξειμι	go through	1	0.01	1	0.26	0	0.23
πολύδωρος	richly dowered	1	0.01	1	0.26	0	0.23
ὑποπλάκιος	NoDef	1	0.01	1	0.26	0	0.23
ἀταλάφρων	tender-minded	1	0.01	1	0.26	0	0.23
ʽἑκτορίδης	NoDef	1	0.01	1	0.26	0	0.23
ἀγαπητός	beloved	1	0.01	1	0.26	0	0.23
σκαμάνδριος	Scamandrian	1	0.01	1	0.26	0	0.23
Ἀστυάναξ	Astyanax	1	0.01	1	0.26	0	0.23
ἄμμορος	without share of	1	0.01	1	0.26	0	0.23
ἀφαμαρτάνω	to miss	1	0.01	1	0.26	0	0.23
θαλπωρή	warming	1	0.01	1	0.26	0	0.23
ὑψίπυλος	with high gates	1	0.01	1	0.26	0	0.23
πτελέα	the elm	1	0.01	1	0.26	0	0.23
ὀρεστιάς	of the mountains	1	0.01	1	0.26	0	0.23
Ἀί	NoDef	1	0.01	1	0.26	0	0.23
παρακοίτης	one who sleeps beside	1	0.01	1	0.26	0	0.23
ὀρφανικός	orphaned	1	0.01	1	0.26	0	0.23
χῆρος	bereaved	1	0.01	1	0.26	0	0.23
ἐπίδρομος	that may be overrun	1	0.01	1	0.26	0	0.23
ἑλκεσίπεπλος	trailing the robe	1	0.01	1	0.26	0	0.23
μανθάνω	to learn	1	0.01	1	0.26	0	0.23
Μεσσηίς	NoDef	1	0.01	1	0.26	0	0.23
ἀεκαζόμενος	against one's will	1	0.01	1	0.26	0	0.23
ἐπίκειμαι	lie on	1	0.01	1	0.26	0	0.23
ἀμφιμάχομαι	to fight round	1	0.01	1	0.26	0	0.23
χῆτος	want	1	0.01	1	0.26	0	0.23
δούλιος	slavish	1	0.01	1	0.26	0	0.23
χυτός	poured	1	0.01	1	0.26	0	0.23
ἑλκηθμός	a being carried off	1	0.01	1	0.26	0	0.23
ὄψις	look	1	0.01	1	0.26	0	0.23
ἱππιοχαίτης	shaggy with horse-hair	1	0.01	1	0.26	0	0.23
κυνέω	to kiss	1	0.01	1	0.26	0	0.23
βροτόεις	gory	1	0.01	1	0.26	0	0.23
κηώδης	smelling as of incense	1	0.01	1	0.26	0	0.23
ἠλακάτη	a distaff	1	0.01	1	0.26	0	0.23
ἐντροπαλίζομαι	to keep turning round	1	0.01	1	0.26	0	0.23
στατός	placed	1	0.01	1	0.26	0	0.23
ἀκοστάω	corn-fed	1	0.01	1	0.26	0	0.23
κροαίνω	to stamp	1	0.01	1	0.26	0	0.23
ἐυρρεής	NoDef	1	0.01	1	0.26	0	0.23
ἀγλαία	NoDef	1	0.01	1	0.26	0	0.23
ἦθος	custom	1	0.01	1	0.26	0	0.23
ἠλέκτωρ	the beaming sun	1	0.01	1	0.26	0	0.23
ὀαρίζω	to converse	1	0.01	1	0.26	0	0.23
ἠθεῖος	trusty	1	0.01	1	0.26	0	0.23
ἀγορήνδε	to the Assembly	1	0.01	0	0	1	0.23
μητιάω	to meditate	1	0.01	0	0	1	0.23
ἐπιπλάζομαι	to wander about over	1	0.01	0	0	1	0.23
πάσσων	thicker	1	0.01	0	0	1	0.23
ἠοῖος	morning	1	0.01	0	0	1	0.23
πρωτόπλοος	going to sea for the first time; sailing in the front line	1	0.01	0	0	1	0.23
τροπός	a twisted leathern thong	1	0.01	0	0	1	0.23
δερμάτινος	of skin	1	0.01	0	0	1	0.23
νότιος	wet	1	0.01	0	0	1	0.23
ἀμέρδω	to deprive of	1	0.01	0	0	1	0.23
Πυθώ	Pytho	1	0.01	0	0	1	0.23
ὑπερβαίνω	to step over	1	0.01	0	0	1	0.23
̓ὀδυσσεύς	NoDef	1	0.01	0	0	1	0.23
πρόσωπον	the face	1	0.01	0	0	1	0.23
συνήορος	linked with	1	0.01	0	0	1	0.23
ἄθλιος	winning the prize	1	0.01	0	0	1	0.23
θαυμαίνω	to admire	1	0.01	0	0	1	0.23
Ἀκρόνεως	Acroneus	1	0.01	0	0	1	0.23
Ὠκύαλος	NoDef	1	0.01	0	0	1	0.23
Ναυτεύς	NoDef	1	0.01	0	0	1	0.23
Πρυμνεύς	Prymneus	1	0.01	0	0	1	0.23
Ἐρετμεύς	NoDef	1	0.01	0	0	1	0.23
Ποντεύς	Ponteus	1	0.01	0	0	1	0.23
Πρωρεύς	Proreus	1	0.01	0	0	1	0.23
Ἀναβησίσευς	NoDef	1	0.01	0	0	1	0.23
Πολύνηος	Polyneus	1	0.01	0	0	1	0.23
Τεκτονίδης	NoDef	1	0.01	0	0	1	0.23
νύσσα	posts	1	0.01	0	0	1	0.23
δρόμος	a course	1	0.01	0	0	1	0.23
κονίω	to make dusty	1	0.01	0	0	1	0.23
νειός	fallow land	1	0.01	0	0	1	0.23
οὖρον	urine	1	0.01	0	0	1	0.23
ὑπεκπροθέω	to run forth from under	1	0.01	0	0	1	0.23
συρρήγνυμι	to break in pieces	1	0.01	0	0	1	0.23
συγχέω	to pour together	1	0.01	0	0	1	0.23
σκεδάννυμι	to scatter	1	0.01	0	0	1	0.23
κατερύω	to draw	1	0.01	0	0	1	0.23
ἐπαρτής	ready for work	1	0.01	0	0	1	0.23
τίη	why? wherefore?	1	0.01	0	0	1	0.23
πρακτήρ	one that does	1	0.01	0	0	1	0.23
φόρτος	a load	1	0.01	0	0	1	0.23
μνήμων	mindful	1	0.01	0	0	1	0.23
ἐπίσκοπος	one who watches over	1	0.01	0	0	1	0.23
ὁδαῖος	goods with which a merchant travels	1	0.01	0	0	1	0.23
κέρδος	gain	1	0.01	0	0	1	0.23
ἁρπαλέος	greedy	1	0.01	0	0	1	0.23
ἀθλητής	a prizefighter	1	0.01	0	0	1	0.23
ἀγορητύς	the gift of speaking	1	0.01	0	0	1	0.23
ἀκιδνός	weak	1	0.01	0	0	1	0.23
στέφω	to put round	1	0.01	0	0	1	0.23
ἀσφαλής	not liable to fall	1	0.01	0	0	1	0.23
πρέπω	to be clearly seen	1	0.01	0	0	1	0.23
ἀμφιπεριστέφομαι	to be put round as a crown	1	0.01	0	0	1	0.23
νῆις	NoDef	1	0.01	0	0	1	0.23
θυμοδακής	biting the heart	1	0.01	0	0	1	0.23
πάχετος	massive	1	0.01	0	0	1	0.23
δισκέω	to pitch the quoit	1	0.01	0	0	1	0.23
περιστρέφω	to whirl round	1	0.01	0	0	1	0.23
πτήσσω	to frighten	1	0.01	0	0	1	0.23
ῥιπή	the swing	1	0.01	0	0	1	0.23
ὑπερπέτομαι	to fly over	1	0.01	0	0	1	0.23
τέρμα	an end	1	0.01	0	0	1	0.23
ὑπερίημι	to outdo	1	0.01	0	0	1	0.23
ἐνηής	kind	1	0.01	0	0	1	0.23
κοῦφος	light	1	0.01	0	0	1	0.23
μάσσων	longer	1	0.01	0	0	1	0.23
πάλη	wrestling	1	0.01	0	0	1	0.23
πλήν	except	1	0.01	0	0	1	0.23
ἀχάριστος	ungracious	1	0.01	0	0	1	0.23
πυγμάχος	one who fights with the fist	1	0.01	0	0	1	0.23
παλαιστής	a wrestler	1	0.01	0	0	1	0.23
ἐξημοιβός	serving for change	1	0.01	0	0	1	0.23
ναυτιλία	sailing	1	0.01	0	0	1	0.23
ὀρχηστύς	the dance	1	0.01	0	0	1	0.23
αἰσυμνήτης	a regulator	1	0.01	0	0	1	0.23
κριτός	picked out	1	0.01	0	0	1	0.23
δήμιος	belonging to the people	1	0.01	0	0	1	0.23
εὐρύνω	to broaden	1	0.01	0	0	1	0.23
πρωθήβης	in the prime of youth	1	0.01	0	0	1	0.23
ὀρχηθμός	a dancing	1	0.01	0	0	1	0.23
μαρμαρυγή	a flashing	1	0.01	0	0	1	0.23
φορμίζω	to play the φόρμιγξ	1	0.01	0	0	1	0.23
μιγάζομαι	to have intercourse	1	0.01	0	0	1	0.23
χαλκέων	a forge	1	0.01	0	0	1	0.23
ἀκμόθετον	the anvil-block	1	0.01	0	0	1	0.23
ἄκμων	thunderbolt; anvil	1	0.01	0	0	1	0.23
ἄλυτος	not to be loosed	1	0.01	0	0	1	0.23
ἑρμίς	a bed-post (LSJ ἑρμίν)	1	0.01	0	0	1	0.23
δέσμα	a bond	1	0.01	0	0	1	0.23
ἁπάντῃ	everywhere	1	0.01	0	0	1	0.23
ἀράχνιον	a spider’s web; a small spider	1	0.01	0	0	1	0.23
ἀλαοσκοπιά	a blind	1	0.01	0	0	1	0.23
Κυθέρεια	Cythereia	1	0.01	0	0	1	0.23
ἐρισθενής	very mighty	1	0.01	0	0	1	0.23
μεταδήμιος	in the midst of or among the people	1	0.01	0	0	1	0.23
ἀγριόφωνος	with wild rough voice	1	0.01	0	0	1	0.23
ἀναείρω	to lift up	1	0.01	0	0	1	0.23
φυκτός	to be shunned	1	0.01	0	0	1	0.23
γελαστός	laughable	1	0.01	0	0	1	0.23
ἀρτίπους	sound of foot	1	0.01	0	0	1	0.23
ἠπεδανός	weakly	1	0.01	0	0	1	0.23
κείω	to lie down	1	0.01	0	0	1	0.23
ἐχέθυμος	master of one's passion	1	0.01	0	0	1	0.23
ἐριούνης	NoDef	1	0.01	0	0	1	0.23
δωτήρ	a giver	1	0.01	0	0	1	0.23
ἀρετάω	to be fit	1	0.01	0	0	1	0.23
μοιχάγρια	a fine imposed on one taken in adultery	1	0.01	0	0	1	0.23
δώτωρ	NoDef	1	0.01	0	0	1	0.23
θέαινα	a goddess	1	0.01	0	0	1	0.23
κλυτοεργός	famous for work	1	0.01	0	0	1	0.23
Ποσειδῶν	Poseidon	1	0.01	0	0	1	0.23
ἐγγύη	a pledge put into the hand: surety	1	0.01	0	0	1	0.23
ἐγγυάω	to give or hand over as a pledge	1	0.01	0	0	1	0.23
ὑπαλύσκω	to avoid	1	0.01	0	0	1	0.23
Θρῄκηνδε	NoDef	1	0.01	0	0	1	0.23
Κύπρος	Cyprus	1	0.01	0	0	1	0.23
Πάφος	Paphos	1	0.01	0	0	1	0.23
θυήεις	smoking	1	0.01	0	0	1	0.23
ἐπήρατος	lovely	1	0.01	0	0	1	0.23
Πόλυβος	Polybus	1	0.01	0	0	1	0.23
μεθαιρέω	to catch in turn	1	0.01	0	0	1	0.23
ταρφύς	thick	1	0.01	0	0	1	0.23
ἐπιληκέω	to beat time to	1	0.01	0	0	1	0.23
κόμπος	a noise	1	0.01	0	0	1	0.23
σέβας	reverential awe	1	0.01	0	0	1	0.23
τρισκαιδέκατος	NoDef	1	0.01	0	0	1	0.23
νεόπριστος	fresh-sawn	1	0.01	0	0	1	0.23
ἀμφιδινέομαι	to be put round	1	0.01	0	0	1	0.23
ἀναρπάζω	to snatch up	1	0.01	0	0	1	0.23
ὕμνος	a hymn	1	0.01	0	0	1	0.23
ἄλεισον	a cup	1	0.01	0	0	1	0.23
λουτροχόος	pouring water into the bath	1	0.01	0	0	1	0.23
ξύλον	wood	1	0.01	0	0	1	0.23
γάστρα	the lower part	1	0.01	0	0	1	0.23
ἐπαρτύω	to fit on; fix; prepare	1	0.01	0	0	1	0.23
αὐτόδιον	straightway	1	0.01	0	0	1	0.23
οἰνοποτήρ	a wine-drinker	1	0.01	0	0	1	0.23
ζωάγρια	reward for life saved	1	0.01	0	0	1	0.23
νόστιμος	belonging to a return	1	0.01	0	0	1	0.23
βιόω	to live	1	0.01	0	0	1	0.23
κεράω	[mix >κεράννυμι]	1	0.01	0	0	1	0.23
ἀποπροτέμνω	to cut off from	1	0.01	0	0	1	0.23
ἀλοιφή	anything used for anointing	1	0.01	0	0	1	0.23
ἔμμορος	partaking in	1	0.01	0	0	1	0.23
αἰνίζω	NoDef	1	0.01	0	0	1	0.23
μεταβαίνω	to pass over from one place to another	1	0.01	0	0	1	0.23
θέσπις	having words from God	1	0.01	0	0	1	0.23
ἀποπλέω	to sail away	1	0.01	0	0	1	0.23
διαπλήσσω	to break	1	0.01	0	0	1	0.23
θελκτήριον	a charm	1	0.01	0	0	1	0.23
ἐκπρολείπω	to forsake	1	0.01	0	0	1	0.23
Δηίφοβος	NoDef	1	0.01	0	0	1	0.23
ἀμφιπίπτω	to fall around	1	0.01	0	0	1	0.23
κωκύω	to shriek	1	0.01	0	0	1	0.23
εἴρερος	bondage	1	0.01	0	0	1	0.23
εἰσανάγω	to lead up into	1	0.01	0	0	1	0.23
ἀντί	over against	1	0.01	0	0	1	0.23
ἐπιψαύω	to touch on the surface	1	0.01	0	0	1	0.23
κερδαλέος	having an eye to gain	1	0.01	0	0	1	0.23
περιναιετάω	to dwell round about	1	0.01	0	0	1	0.23
ἀνώνυμος	without name	1	0.01	0	0	1	0.23
κυβερνητήρ	NoDef	1	0.01	0	0	1	0.23
πηδάλιον	a rudder	1	0.01	0	0	1	0.23
πομπός	a conductor	1	0.01	0	0	1	0.23
Ἰλιόθι	at Troy	1	0.01	0	0	1	0.23
